[
{
  "model": "contenttypes.contenttype",
  "fields": {
    "app_label": "admin",
    "model": "logentry"
  }
},
{
  "model": "contenttypes.contenttype",
  "fields": {
    "app_label": "auth",
    "model": "permission"
  }
},
{
  "model": "contenttypes.contenttype",
  "fields": {
    "app_label": "auth",
    "model": "group"
  }
},
{
  "model": "contenttypes.contenttype",
  "fields": {
    "app_label": "contenttypes",
    "model": "contenttype"
  }
},
{
  "model": "contenttypes.contenttype",
  "fields": {
    "app_label": "sessions",
    "model": "session"
  }
},
{
  "model": "contenttypes.contenttype",
  "fields": {
    "app_label": "users",
    "model": "user"
  }
},
{
  "model": "contenttypes.contenttype",
  "fields": {
    "app_label": "organizations",
    "model": "category"
  }
},
{
  "model": "contenttypes.contenttype",
  "fields": {
    "app_label": "organizations",
    "model": "organization"
  }
},
{
  "model": "contenttypes.contenttype",
  "fields": {
    "app_label": "projects",
    "model": "image"
  }
},
{
  "model": "contenttypes.contenttype",
  "fields": {
    "app_label": "projects",
    "model": "project"
  }
},
{
  "model": "contenttypes.contenttype",
  "fields": {
    "app_label": "forum",
    "model": "comment"
  }
},
{
  "model": "contenttypes.contenttype",
  "fields": {
    "app_label": "forum",
    "model": "forum"
  }
},
{
  "model": "contenttypes.contenttype",
  "fields": {
    "app_label": "forum",
    "model": "post"
  }
},
{
  "model": "contenttypes.contenttype",
  "fields": {
    "app_label": "recognitions",
    "model": "recognition"
  }
},
{
  "model": "contenttypes.contenttype",
  "fields": {
    "app_label": "resources",
    "model": "resource"
  }
},
{
  "model": "contenttypes.contenttype",
  "fields": {
    "app_label": "diagnostics",
    "model": "diagnostic"
  }
},
{
  "model": "contenttypes.contenttype",
  "fields": {
    "app_label": "diagnostics",
    "model": "question"
  }
},
{
  "model": "contenttypes.contenttype",
  "fields": {
    "app_label": "diagnostics",
    "model": "diagnosticresult"
  }
},
{
  "model": "sessions.session",
  "pk": "s7jiw4epssw13o0n052c94advp1r21kl",
  "fields": {
    "session_data": ".eJxVjDsOwjAQBe_iGlle49iGkp4zRPvx4gBKpDipEHeHSCmgfTPzXqbHdan92srcD2LOBszhdyPkRxk3IHccb5PlaVzmgeym2J02e52kPC-7-3dQsdVvrY5cyEHB00mjZlICVQodICBzEpGiITECuaiJHSPr0fsoCFlyZ94fGlg5bg:1tG0c3:3a76nJdpi8tpmb-UnqsX_PrfqnquZd42fRhDIUgqPlM",
    "expire_date": "2024-12-10T18:48:39.115Z"
  }
},
{
  "model": "organizations.category",
  "pk": 1,
  "fields": {
    "name": "Salud"
  }
},
{
  "model": "organizations.category",
  "pk": 2,
  "fields": {
    "name": "Infancia"
  }
},
{
  "model": "organizations.category",
  "pk": 3,
  "fields": {
    "name": "Apoyo Social"
  }
},
{
  "model": "organizations.organization",
  "pk": 1,
  "fields": {
    "name": "Estancia Infantil Vasco de Quiroga I.A.P",
    "description": "Dar un servicio de calidad humana con responsabilidad, creando relaciones estrechas de colaboración entre padres de familia y el personal docente, para fortalecer la formación integral y el sano crecimiento de los niños y niñas de la comunidad.",
    "website": null,
    "logo": "logos/imagen_2024-11-26_130715471.png",
    "address": "Ramón López Velarde # 7 colonia Lomas de Nuevo México",
    "date_added": "2024-11-26T18:34:07.850Z",
    "is_active": true,
    "social_media_1": "https://www.facebook.com/p/estancia-infantil-vasco-de-quiroga-iap-100064701769756/",
    "social_media_2": "None",
    "phone_number": "5552572088",
    "email": null,
    "categories": [
      2
    ]
  }
},
{
  "model": "organizations.organization",
  "pk": 2,
  "fields": {
    "name": "Fundacion Semilla Durango",
    "description": "Fundación Semilla es una Asociación sin fines de lucro dedicada a mejorar las condiciones de vida de los niños indígenas de Durango.",
    "website": null,
    "logo": "logos/imagen_2024-11-26_130745764.png",
    "address": "Avenida General Lázaro Cárdenas esquina con Mascareñas 507 sur, Durango, Mexico",
    "date_added": "2024-11-26T18:34:07.852Z",
    "is_active": true,
    "social_media_1": "https://www.facebook.com/fundacionsemilla.dgo",
    "social_media_2": null,
    "phone_number": "6188175359",
    "email": "fundacionsemilla.dgo@gmail.com",
    "categories": [
      2
    ]
  }
},
{
  "model": "organizations.organization",
  "pk": 3,
  "fields": {
    "name": "Asilo Primavera, I.A.P.",
    "description": "Intervenir en la formación de niños varones de 6 a 13 años de edad, de escasos recursos, huérfanos parcial, total o con otro tipo de desamparo, a través de educación y atención integral, contribuyendo positivamente en su situación de vulnerabilidad.",
    "website": "https://www.asiloprimavera.org/",
    "logo": "logos/imagen_2024-11-26_234010200.png",
    "address": "Choapan No. 29 Col. Hipódromo, Alcaldía Cuauhtémoc. C.P. 06100  Ciudad de México",
    "date_added": "2024-11-26T18:34:07.854Z",
    "is_active": true,
    "social_media_1": "None",
    "social_media_2": "None",
    "phone_number": "5555150269",
    "email": "info@asiloprimavera.org",
    "categories": [
      2
    ]
  }
},
{
  "model": "organizations.organization",
  "pk": 4,
  "fields": {
    "name": "Casa Hogar de las Niñas de Tláhuac, IAP",
    "description": "Somos Casa Hogar de las Niñas de Tláhuac! Otorgamos amor, educación y apoyo integral a niñas de 6 a 12 años en situación vulnerable. Únete a nuestra misión de transformar vidas y construir un futuro brillante para estas niñas!",
    "website": null,
    "logo": "logos/imagen_2024-11-26_130325318.png",
    "address": "Piraña #5 , Col. Del Mar , Alcaldía Tláhuac , Mexico City, Mexico",
    "date_added": "2024-11-26T18:34:07.855Z",
    "is_active": true,
    "social_media_1": "https://www.facebook.com/casahogartlahuac",
    "social_media_2": "None",
    "phone_number": "5558459323",
    "email": "contacto@casahogarninas-iap.org.mx",
    "categories": [
      2
    ]
  }
},
{
  "model": "organizations.organization",
  "pk": 5,
  "fields": {
    "name": "Centro de Atención Integral de Labio y Paladar Hendido, A.C.",
    "description": "Transformamos vidas a través de la corrección quirúrgica del labio y paladar hendido, asegurando que cada niño alcance su máximo potencial.",
    "website": "https://www.centrosuma.org/",
    "logo": "logos/imagen_2024-11-26_130403384.png",
    "address": "Viaducto Miguel Alemán #121, Col. Escandón, I sección. Alcaldía Miguel Hidalgo casi esquina con Avenida Patriotismo. CDMX, México. CP. 03100",
    "date_added": "2024-11-26T18:34:07.857Z",
    "is_active": true,
    "social_media_1": "https://www.facebook.com/centrosumaorg/",
    "social_media_2": "https://instagram.com/lph.centrosuma?igshid=YmMyMTA2M2Y=",
    "phone_number": "5552572088",
    "email": "info@centrosuma.org",
    "categories": [
      1
    ]
  }
},
{
  "model": "organizations.organization",
  "pk": 6,
  "fields": {
    "name": "Damas Voluntarias del Instituto Nacional de Perinatología",
    "description": "Apoyamos emocional y económicamente a mujeres y bebés en situación de pobreza y enfermedad en el Instituto Nacional de Perinatología.",
    "website": "https://www.damasvoluntariasinper.com/",
    "logo": "logos/imagen_2024-11-26_130529134.png",
    "address": "Montes Urales No, 800 Col. Virreyes, Alcaldía Miguel Hidalgo. CDMX 11000",
    "date_added": "2024-11-26T18:34:07.859Z",
    "is_active": true,
    "social_media_1": "https://es-la.facebook.com/pages/category/Community-Service/Damas-Voluntarias-INPER-155545378453704/",
    "social_media_2": "https://instagram.com/damasvoluntarias.inper?igshid=YzA2ZDJiZGQ=",
    "phone_number": "55209900",
    "email": "contacto@damasvoluntariasinper.com",
    "categories": [
      1
    ]
  }
},
{
  "model": "organizations.organization",
  "pk": 7,
  "fields": {
    "name": "Escuela para Entrenamiento de Perros Guía Para Ciegos I.A.P.",
    "description": "Criamos, entrenamos y otorgamos perros guía para personas con discapacidad visual.",
    "website": "https://www.perrosguia.org.mx/",
    "logo": "logos/imagen_2024-11-26_130559174.png",
    "address": "Avenida Canal Nacional número 1075, colonia Villa Quietud, Coyoacán, Ciudad de México, Código Postal 04960",
    "date_added": "2024-11-26T18:34:07.860Z",
    "is_active": true,
    "social_media_1": "https://www.facebook.com/perrosguiaiap",
    "social_media_2": "https://www.instagram.com/perrosguiaiap/",
    "phone_number": "5556731587",
    "email": "donativos@perrosguia.org.mx",
    "categories": [
      3
    ]
  }
},
{
  "model": "organizations.organization",
  "pk": 8,
  "fields": {
    "name": "Asociación de Damas Voluntarias del Instituto Nacional de Pediatría, I.A.P.",
    "description": "Ayudamos a niños hospitalizados y de consulta externa, ofreciendo apadrinamiento de medicamentos, prótesis y estudios.",
    "website": "https://damasvoluntariasin.wixsite.com/misitio",
    "logo": "logos/imagen_2024-11-26_233917215.png",
    "address": "Calle Montes Urales, Blvd. de los Virreyes No, 800, Miguel Hidalgo, 11000 Ciudad de México, CDMX",
    "date_added": "2024-11-26T18:34:07.862Z",
    "is_active": true,
    "social_media_1": "https://www.facebook.com/damasvoluntariasINP/?ref=bookmarks",
    "social_media_2": "None",
    "phone_number": "None",
    "email": "damasvoluntariasinp@yahoo.com.mx",
    "categories": [
      3
    ]
  }
},
{
  "model": "organizations.organization",
  "pk": 9,
  "fields": {
    "name": "Instituto Pedagógico para Problemas de Lenguaje, IAP (IPPPLIAP)",
    "description": "Somos una Institución de Asistencia Privada que desde 1967 atendemos a niñas, niños y jóvenes sordos y a niñas y niños con problemas de lenguaje o de aprendizaje, y que llevamos a cabo nuestra labor gracias al apoyo de fundaciones, empresas y personas que noblemente apoyan nuestra causa.",
    "website": "https://ippliap.edu.mx/",
    "logo": "logos/imagen_2024-11-26_130845905.png",
    "address": "Poussin 63, colonia San Juan, alcaldía Benito Juárez, C. P. 03730, Ciudad de México.",
    "date_added": "2024-11-26T18:34:07.864Z",
    "is_active": true,
    "social_media_1": "https://www.facebook.com/ippliap.educacion/",
    "social_media_2": "https://twitter.com/ippliapoficial?lang=es",
    "phone_number": "525555981120",
    "email": "ippliap@ippliap.edu.mx",
    "categories": [
      3
    ]
  }
},
{
  "model": "organizations.organization",
  "pk": 10,
  "fields": {
    "name": "Fundación para la Asistencia Educativa FAE, I.A.P.",
    "description": "Potencializamos las capacidades de niños menores de 6 años en situación de pobreza en Netzahualcóyotl y Chimalhuacán, proporcionándoles educación, alimentación y servicios de salud.",
    "website": "https://fae.org.mx/",
    "logo": "logos/imagen_2024-11-26_233814757.png",
    "address": "Calle 27 #180 Col. El Sol, Nezahualcóyotl, Edo. de Méx. CP.57200",
    "date_added": "2024-11-26T18:34:07.865Z",
    "is_active": true,
    "social_media_1": "https://www.facebook.com/Fundaci%C3%B3n-FAE-250583648301397/",
    "social_media_2": "https://twitter.com/fundacionfae",
    "phone_number": "5565856640",
    "email": "contacto@fae.org.mx",
    "categories": [
      2
    ]
  }
},
{
  "model": "projects.image",
  "pk": 1,
  "fields": {
    "image": "project_images/1-FSemillaDurango-niños.jpg"
  }
},
{
  "model": "projects.image",
  "pk": 2,
  "fields": {
    "image": "project_images/2-IAP-educando-con-valores.jpg"
  }
},
{
  "model": "projects.image",
  "pk": 3,
  "fields": {
    "image": "project_images/3-APrimavera-hogar.jpg"
  }
},
{
  "model": "projects.image",
  "pk": 4,
  "fields": {
    "image": "project_images/4-APrimavera-educacion-formal.jpg"
  }
},
{
  "model": "projects.image",
  "pk": 5,
  "fields": {
    "image": "project_images/5-APrimavera-etica-espiritual.jpg"
  }
},
{
  "model": "projects.image",
  "pk": 6,
  "fields": {
    "image": "project_images/6-APrimavera-salud-emocional.jpg"
  }
},
{
  "model": "projects.image",
  "pk": 7,
  "fields": {
    "image": "project_images/7-CasaTlahuac.jpg"
  }
},
{
  "model": "projects.image",
  "pk": 8,
  "fields": {
    "image": "project_images/13-DamasVol-vida.jpg"
  }
},
{
  "model": "projects.image",
  "pk": 9,
  "fields": {
    "image": "project_images/14-DamasVol-diabetes-gest.jpg"
  }
},
{
  "model": "projects.image",
  "pk": 10,
  "fields": {
    "image": "project_images/18-DamasVol-ayuda-emergente.jpg"
  }
},
{
  "model": "projects.image",
  "pk": 11,
  "fields": {
    "image": "project_images/34-problemasLenguaje-atencion-niñosPALA.jpg"
  }
},
{
  "model": "projects.image",
  "pk": 12,
  "fields": {
    "image": "project_images/36-problemasLenguaje-seminariosenalees.jpg"
  }
},
{
  "model": "projects.image",
  "pk": 13,
  "fields": {
    "image": "project_images/37-problemasLenguaje-senaleesparatodos.jpg"
  }
},
{
  "model": "projects.image",
  "pk": 14,
  "fields": {
    "image": "project_images/38-problemasLenguaje-capacitacion-estados.jpg"
  }
},
{
  "model": "projects.image",
  "pk": 15,
  "fields": {
    "image": "project_images/39-problemasLenguaje-practicasuniversidad.jpg"
  }
},
{
  "model": "projects.image",
  "pk": 16,
  "fields": {
    "image": "project_images/40-asistenciaeducativa-eduintegral.jpg"
  }
},
{
  "model": "projects.image",
  "pk": 17,
  "fields": {
    "image": "project_images/33-problemaLenguaje-escuelasordos.png"
  }
},
{
  "model": "projects.image",
  "pk": 18,
  "fields": {
    "image": "project_images/35-problemaLenguaje-jovenessordos.png"
  }
},
{
  "model": "projects.image",
  "pk": 19,
  "fields": {
    "image": "project_images/21-perrosGuia-adopta-temp.jpg"
  }
},
{
  "model": "projects.image",
  "pk": 20,
  "fields": {
    "image": "project_images/22-perrosGuia-adopta-definitiva.jpg"
  }
},
{
  "model": "projects.image",
  "pk": 21,
  "fields": {
    "image": "project_images/28-voluntariasPediatria-tanatologia.jpg"
  }
},
{
  "model": "projects.image",
  "pk": 22,
  "fields": {
    "image": "project_images/29-voluntariasPediatria-ludoteca.jpg"
  }
},
{
  "model": "projects.image",
  "pk": 23,
  "fields": {
    "image": "project_images/30-voluntariasPediatria-acompanamiento.jpg"
  }
},
{
  "model": "projects.image",
  "pk": 24,
  "fields": {
    "image": "project_images/31-voluntariasPediatria-bazar-maru.jpg"
  }
},
{
  "model": "projects.image",
  "pk": 25,
  "fields": {
    "image": "project_images/32-voluntariasPediatria-realizasueno.jpg"
  }
},
{
  "model": "projects.image",
  "pk": 26,
  "fields": {
    "image": "project_images/24-perrosGuia-hospital-veterinario.jpg"
  }
},
{
  "model": "projects.image",
  "pk": 27,
  "fields": {
    "image": "project_images/27-voluntariasPediatria-apadrinamiento.jpg"
  }
},
{
  "model": "projects.project",
  "pk": 1,
  "fields": {
    "organization": 1,
    "name": "Estancia Infantil",
    "description": "Estancia infantil cuya misión es fortalecer la formación integral \ny el sano crecimiento de los niños y niñas de la comunidad",
    "objectives": "",
    "achievements": "",
    "participation_methods": "",
    "date_added": "2024-11-26T18:34:07.981Z",
    "is_active": true,
    "images": [],
    "categories": []
  }
},
{
  "model": "projects.project",
  "pk": 2,
  "fields": {
    "organization": 2,
    "name": "Apoyo a niños indígenas",
    "description": "Mejorar las condiciones de vida de \nlos niños indígenas de Durango.",
    "objectives": "",
    "achievements": "",
    "participation_methods": "",
    "date_added": "2024-11-26T18:34:07.887Z",
    "is_active": true,
    "images": [
      1
    ],
    "categories": [
      2,
      3
    ]
  }
},
{
  "model": "projects.project",
  "pk": 3,
  "fields": {
    "organization": 3,
    "name": "Hogar Primavera",
    "description": "Consiste en brindar un Hogar cálido, amoroso \ny seguro a los niños con posibilidades de situación de calle, con este Hogar empezamos a darles lo necesario para una buena calidad de vida y un mejor futuro.",
    "objectives": "",
    "achievements": "",
    "participation_methods": "",
    "date_added": "2024-11-26T18:34:07.890Z",
    "is_active": true,
    "images": [
      3
    ],
    "categories": [
      3
    ]
  }
},
{
  "model": "projects.project",
  "pk": 4,
  "fields": {
    "organization": 3,
    "name": "Educación Formal",
    "description": "Consiste en brindarles una educación formal, adecuada y \nde calidad, la cual es impartida por maestros sumamente competentes y capacitados para la mejor atención y desarrollo de los niños. Además de una educación complementaria para su mejor preparación.",
    "objectives": "",
    "achievements": "",
    "participation_methods": "",
    "date_added": "2024-11-26T18:34:07.892Z",
    "is_active": true,
    "images": [
      4
    ],
    "categories": [
      3
    ]
  }
},
{
  "model": "projects.project",
  "pk": 5,
  "fields": {
    "organization": 3,
    "name": "Preparación Ética-Espiritual",
    "description": "Consiste en la formación interna de los niños para su \ncrecimiento espiritual y ético fomentando nuestros valores para crear mejores versiones de si mismos.",
    "objectives": "",
    "achievements": "",
    "participation_methods": "",
    "date_added": "2024-11-26T18:34:07.895Z",
    "is_active": true,
    "images": [
      5
    ],
    "categories": [
      3
    ]
  }
},
{
  "model": "projects.project",
  "pk": 6,
  "fields": {
    "organization": 3,
    "name": "Salud Emocional",
    "description": "Consiste en brindarle a los niños la atención necesaria \nde la cual han carecido o pueden carecer durante su crecimiento. Las situaciones por las que pasan la mayoría son complicadas y necesitan ser atendidas.",
    "objectives": "",
    "achievements": "",
    "participation_methods": "",
    "date_added": "2024-11-26T18:34:07.897Z",
    "is_active": true,
    "images": [
      6
    ],
    "categories": [
      1,
      3
    ]
  }
},
{
  "model": "projects.project",
  "pk": 7,
  "fields": {
    "organization": 4,
    "name": "Casa Hogar",
    "description": "Otorgamos amor, educación y apoyo integral a\nniñas de 6 a 12 años en situación vulnerable. ¡Únete a nuestra misión de transformar vidas y construir un futuro brillante para estas niñas!",
    "objectives": "",
    "achievements": "",
    "participation_methods": "",
    "date_added": "2024-11-26T18:34:07.900Z",
    "is_active": true,
    "images": [
      7
    ],
    "categories": [
      2,
      3
    ]
  }
},
{
  "model": "projects.project",
  "pk": 8,
  "fields": {
    "organization": 5,
    "name": "Cirugía Segura",
    "description": "Interveción pre quirúrgica, quirúrgica y post quirúrgica",
    "objectives": "",
    "achievements": "",
    "participation_methods": "",
    "date_added": "2024-11-26T18:34:07.902Z",
    "is_active": true,
    "images": [],
    "categories": []
  }
},
{
  "model": "projects.project",
  "pk": 9,
  "fields": {
    "organization": 5,
    "name": "Atención Dental",
    "description": "Monitoreo del desarrollo dental\nEducación y cuidado dental\nIntervención temprana",
    "objectives": "",
    "achievements": "",
    "participation_methods": "",
    "date_added": "2024-11-26T18:34:07.904Z",
    "is_active": true,
    "images": [],
    "categories": []
  }
},
{
  "model": "projects.project",
  "pk": 10,
  "fields": {
    "organization": 5,
    "name": "Nutrición y Lactancia",
    "description": "Monitoreo de crecimiento y desarrollo.\nManejo de complicaciones",
    "objectives": "",
    "achievements": "",
    "participation_methods": "",
    "date_added": "2024-11-26T18:34:07.907Z",
    "is_active": true,
    "images": [],
    "categories": []
  }
},
{
  "model": "projects.project",
  "pk": 11,
  "fields": {
    "organization": 5,
    "name": "Lenguaje y Estimulación temprana",
    "description": "Estimulación del desarrollo del lenguaje.\nIntervención temprana",
    "objectives": "",
    "achievements": "",
    "participation_methods": "",
    "date_added": "2024-11-26T18:34:07.909Z",
    "is_active": true,
    "images": [],
    "categories": []
  }
},
{
  "model": "projects.project",
  "pk": 12,
  "fields": {
    "organization": 5,
    "name": "Apoyo emocional y vinculación familiar",
    "description": "Construcción de redes de apoyo",
    "objectives": "",
    "achievements": "",
    "participation_methods": "",
    "date_added": "2024-11-26T18:34:07.912Z",
    "is_active": true,
    "images": [],
    "categories": []
  }
},
{
  "model": "projects.project",
  "pk": 13,
  "fields": {
    "organization": 6,
    "name": "Programa Vida",
    "description": "El Programa VIDA nace en el año 2000 con el fin de apoyar a las madres portadoras del virus de VIH. \nNuestro compromiso es dotar a cada paciente del programa VIDA de todo lo necesario para que no abandonen su tratamiento, para ello, antes del nacimiento y hasta que es dado de alta el bebe",
    "objectives": "",
    "achievements": "",
    "participation_methods": "",
    "date_added": "2024-11-26T18:34:07.914Z",
    "is_active": true,
    "images": [
      8
    ],
    "categories": [
      3
    ]
  }
},
{
  "model": "projects.project",
  "pk": 14,
  "fields": {
    "organization": 6,
    "name": "Diabetes Gestacional",
    "description": "Nuestro programa busca proporcionar a la paciente diabética a costos muy bajos, glucómetros, tiras, lancetas, insulinas, jeringas y pads de alcohol, para complementar la atención medica recibida en el hospital y que favorece el nacimiento de bebés sanos.",
    "objectives": "",
    "achievements": "",
    "participation_methods": "",
    "date_added": "2024-11-26T18:34:07.917Z",
    "is_active": true,
    "images": [
      9
    ],
    "categories": [
      3
    ]
  }
},
{
  "model": "projects.project",
  "pk": 15,
  "fields": {
    "organization": 6,
    "name": "Programa Rafa",
    "description": "El Programa Rafael Steta Villalobos, está enfocado \nal apoyo terapéutico para pacientes que son diagnosticadas con insuficiencia Renal",
    "objectives": "",
    "achievements": "",
    "participation_methods": "",
    "date_added": "2024-11-26T18:34:07.919Z",
    "is_active": true,
    "images": [],
    "categories": []
  }
},
{
  "model": "projects.project",
  "pk": 16,
  "fields": {
    "organization": 6,
    "name": "Cardio",
    "description": "Nuestro programa Cardio surgió tras la solicitud del departamento de Cardiología del Instituto Nacional de Perinatología debido al número de pacientes con cardiopatías que acuden al mismo. \nLos apoyos con los que se cuentan para este programa son: albergue, hospitalización, medicamentos, consultas y estudios. \nTodo esto, con el fin de lograr que la paciente pueda llevar el tratamiento sin contratiempos.",
    "objectives": "",
    "achievements": "",
    "participation_methods": "",
    "date_added": "2024-11-26T18:34:07.921Z",
    "is_active": true,
    "images": [],
    "categories": []
  }
},
{
  "model": "projects.project",
  "pk": 17,
  "fields": {
    "organization": 6,
    "name": "Creando Sonrisas",
    "description": "El Programa Creando Sonrisas en el INPer surge en el año 2018 tras la solicitud del Instituto Nacional de Perinatología a través de la Dra. Cecilia Guerrero Sierra, adscrita a la coordinación de Estomatología en beneficio de los bebés que nacen en el Instituto con labio y paladar hendido.",
    "objectives": "",
    "achievements": "",
    "participation_methods": "",
    "date_added": "2024-11-26T18:34:07.924Z",
    "is_active": true,
    "images": [],
    "categories": []
  }
},
{
  "model": "projects.project",
  "pk": 18,
  "fields": {
    "organization": 6,
    "name": "Ayudante Emergente",
    "description": "El Programa de Ayuda Emergente está enfocado a pacientes de bajos recursos económicos, canalizados por el área Institucional de Trabajo Social del INPer. Este cubre necesidades urgentes tales como, medicamentos o estudios, alojar familiares en el albergue mientras la paciente está hospitalizada, cubrir parte o la totalidad de la cuenta hospitalaria, pagar transporte o alimentos, oxígeno, gastos funerarios, canastillas, cunas de cartón, despensa, etc.",
    "objectives": "",
    "achievements": "",
    "participation_methods": "",
    "date_added": "2024-11-26T18:34:07.926Z",
    "is_active": true,
    "images": [
      10
    ],
    "categories": [
      3
    ]
  }
},
{
  "model": "projects.project",
  "pk": 19,
  "fields": {
    "organization": 6,
    "name": "Ayuda Prolongada",
    "description": "El Programa de Ayuda Prolongada abarca a pacientes en pobreza extrema a las que entregamos despensas mensuales y leche maternizada en caso de lactancia materna suspendida por enfermedad. Este programa puede durar de tres meses a un año y es el área Institucional de Trabajo Social quien lo solicita según sea necesario.",
    "objectives": "",
    "achievements": "",
    "participation_methods": "",
    "date_added": "2024-11-26T18:34:07.929Z",
    "is_active": true,
    "images": [],
    "categories": []
  }
},
{
  "model": "projects.project",
  "pk": 21,
  "fields": {
    "organization": 7,
    "name": "Adopción temporal de cachorros",
    "description": "Este programa está enfocado en el cuidado temporal de \r\nlos cachorros guías durante su primer año de vida",
    "objectives": "",
    "achievements": "",
    "participation_methods": "",
    "date_added": "2024-11-26T18:34:07.933Z",
    "is_active": true,
    "images": [
      19
    ],
    "categories": [
      1,
      3
    ]
  }
},
{
  "model": "projects.project",
  "pk": 22,
  "fields": {
    "organization": 7,
    "name": "Adopción definitiva",
    "description": "Programa enfocado a darle un hogar a los perros que no\nlograron graduarse, pero son una gran compañía y un \namigo incondicional",
    "objectives": "",
    "achievements": "",
    "participation_methods": "",
    "date_added": "2024-11-26T18:34:07.936Z",
    "is_active": true,
    "images": [],
    "categories": []
  }
},
{
  "model": "projects.project",
  "pk": 24,
  "fields": {
    "organization": 7,
    "name": "Hospital Veterinario",
    "description": "Con el fin de obtener ingresos para nuestra misión de iluminar la vida de personas con discapacidad visual, a través de su Rehabilitación Inclusiva y la Donación de Perros Guía",
    "objectives": "",
    "achievements": "",
    "participation_methods": "",
    "date_added": "2024-11-26T18:34:07.940Z",
    "is_active": true,
    "images": [],
    "categories": []
  }
},
{
  "model": "projects.project",
  "pk": 25,
  "fields": {
    "organization": 7,
    "name": "Obediencia básica",
    "description": "Entrenamiento de 6 meses de Obediencia Básica Canina",
    "objectives": "",
    "achievements": "",
    "participation_methods": "",
    "date_added": "2024-11-26T18:34:07.943Z",
    "is_active": true,
    "images": [],
    "categories": []
  }
},
{
  "model": "projects.project",
  "pk": 26,
  "fields": {
    "organization": 7,
    "name": "Pensión canina",
    "description": "Pensión Canina para perros de cualquier raza y edad",
    "objectives": "",
    "achievements": "",
    "participation_methods": "",
    "date_added": "2024-11-26T18:34:07.945Z",
    "is_active": true,
    "images": [],
    "categories": []
  }
},
{
  "model": "projects.project",
  "pk": 27,
  "fields": {
    "organization": 8,
    "name": "Apadrinamiento",
    "description": "Programa en el que se apadrina a los nuños ya sea por medio del transporte foráneo, estudios neurológicos, medicamentos, prótesis oculares, aparatos ortopédicos, material quirúrgico",
    "objectives": "",
    "achievements": "",
    "participation_methods": "",
    "date_added": "2024-11-26T18:34:07.947Z",
    "is_active": true,
    "images": [],
    "categories": []
  }
},
{
  "model": "projects.project",
  "pk": 28,
  "fields": {
    "organization": 8,
    "name": "Tanatología",
    "description": "En estas pláticas ayudamos a los familiares a que estén  preparados para poder enfrentar la situación por la que están pasando sus hijos, especialmente en caso de enfermedades graves.",
    "objectives": "",
    "achievements": "",
    "participation_methods": "",
    "date_added": "2024-11-26T18:34:07.950Z",
    "is_active": true,
    "images": [],
    "categories": []
  }
},
{
  "model": "projects.project",
  "pk": 29,
  "fields": {
    "organization": 8,
    "name": "Ludoteca",
    "description": "Diferentes tipos de espacios como sala de juegos, sala de espera, y sala de lectura",
    "objectives": "",
    "achievements": "",
    "participation_methods": "",
    "date_added": "2024-11-26T18:34:07.952Z",
    "is_active": true,
    "images": [],
    "categories": []
  }
},
{
  "model": "projects.project",
  "pk": 30,
  "fields": {
    "organization": 8,
    "name": "Acompañamiento",
    "description": "Visitamos a los enfermos y familiares, los escuchamos para enterarnos de sus necesidades para así poder asistirlos. Se da aviso al patronato para poder brindarles ropa, artículos de aseo personal, refrigerios.\nVamos con los pacientes y pasamos tiempo con ellos. Nos encanta leerles, platicar con ellos, escucharlos.",
    "objectives": "",
    "achievements": "",
    "participation_methods": "",
    "date_added": "2024-11-26T18:34:07.955Z",
    "is_active": true,
    "images": [],
    "categories": []
  }
},
{
  "model": "projects.project",
  "pk": 31,
  "fields": {
    "organization": 8,
    "name": "Bazar de Maru",
    "description": "El Bazar de Maru se sostiene de donativos varios recibidos por personas físicas y morales, vendiendo a precios accesibles.",
    "objectives": "",
    "achievements": "",
    "participation_methods": "",
    "date_added": "2024-11-26T18:34:07.957Z",
    "is_active": true,
    "images": [],
    "categories": []
  }
},
{
  "model": "projects.project",
  "pk": 32,
  "fields": {
    "organization": 8,
    "name": "Realiza tu sueño",
    "description": "Buscamos hacer realidad los sueños de nuestros niños y niñas:\nConociendo a su artista favorito\nEligiendo un juguete\nVisitando su club de futbol favorito",
    "objectives": "",
    "achievements": "",
    "participation_methods": "",
    "date_added": "2024-11-26T18:34:07.960Z",
    "is_active": true,
    "images": [],
    "categories": []
  }
},
{
  "model": "projects.project",
  "pk": 33,
  "fields": {
    "organization": 9,
    "name": "Escuela para sordos",
    "description": "IPPLIAP cuenta con un programa de Preescolar y Primaria para niñas y niños sordos, basado en una filosofía bilingüe, en la cual se reconoce la Lengua de Señas Mexicana (LSM) como el principal medio para transmitir la información.",
    "objectives": "",
    "achievements": "",
    "participation_methods": "",
    "date_added": "2024-11-26T18:34:07.962Z",
    "is_active": true,
    "images": [
      17
    ],
    "categories": [
      3
    ]
  }
},
{
  "model": "projects.project",
  "pk": 34,
  "fields": {
    "organization": 9,
    "name": "Programa de Atención a niños con problemas de Lenguaje y Aprendizaje",
    "description": "Este servicio de apoyo-extraescolar está diseñado para atender a niños que presentan problemas en el lenguaje o aprendizaje.\nIPPLIAP ofrece talleres enfocados a que los niños superen sus dificultades en el lenguaje o aprendizaje y puedan continuar con éxito su escolaridad abordando las áreas críticas de la educación en México.",
    "objectives": "",
    "achievements": "",
    "participation_methods": "",
    "date_added": "2024-11-26T18:34:07.964Z",
    "is_active": true,
    "images": [
      11
    ],
    "categories": [
      2,
      3
    ]
  }
},
{
  "model": "projects.project",
  "pk": 35,
  "fields": {
    "organization": 9,
    "name": "Programa de jóvenes sordos",
    "description": "Tiene como propósito fundamental ofrecer a jóvenes sordos en todo el país un espacio de educación y formación integral de manera continua, para incidir en su permanencia en el trayecto educativo, incrementar sus posibilidades de acceder a educación media y/o superior, y poder llegar a la vida adulta con mayores capacidades y habilidades desarrolladas para integrarse dignamente a nuestra sociedad.",
    "objectives": "",
    "achievements": "",
    "participation_methods": "",
    "date_added": "2024-11-26T18:34:07.967Z",
    "is_active": true,
    "images": [
      18
    ],
    "categories": [
      3
    ]
  }
},
{
  "model": "projects.project",
  "pk": 36,
  "fields": {
    "organization": 9,
    "name": "Seminario Señalees",
    "description": "IPPLIAP ofrece desde el 2005 un Seminario anual de capacitación para maestros de niños sordos de toda la República mexicana. Las conferencias y talleres son impartidas por especialistas en educación de los sordos de distintos países del mundo.",
    "objectives": "",
    "achievements": "",
    "participation_methods": "",
    "date_added": "2024-11-26T18:34:07.969Z",
    "is_active": true,
    "images": [
      12
    ],
    "categories": [
      3
    ]
  }
},
{
  "model": "projects.project",
  "pk": 37,
  "fields": {
    "organization": 9,
    "name": "Señalees para todos",
    "description": "Este seminario esta dirigido a cualquier maestro, ya que se trabaja sobre temas relevantes a la educación de cualquier niño",
    "objectives": "",
    "achievements": "",
    "participation_methods": "",
    "date_added": "2024-11-26T18:34:07.971Z",
    "is_active": true,
    "images": [
      13
    ],
    "categories": [
      3
    ]
  }
},
{
  "model": "projects.project",
  "pk": 38,
  "fields": {
    "organization": 9,
    "name": "Capacitación en los estados",
    "description": "Curso Taller Ambientes Óptimos de Aprendizaje para la lectura y la escritura\nCurso Taller Modelo Educativo Bilingüe para la educación del niño sordo\nCurso Taller Estimulación del Lenguaje\nCurso/taller aprendizaje de la Lengua de Señas Mexicana",
    "objectives": "",
    "achievements": "",
    "participation_methods": "",
    "date_added": "2024-11-26T18:34:07.974Z",
    "is_active": true,
    "images": [
      14
    ],
    "categories": [
      3
    ]
  }
},
{
  "model": "projects.project",
  "pk": 39,
  "fields": {
    "organization": 9,
    "name": "Programa de prácticas educativas universitarias",
    "description": "Observaciones en IPPLIAP\nPrograma de Servicio Social Universitario\nPrácticas profesionales",
    "objectives": "",
    "achievements": "",
    "participation_methods": "",
    "date_added": "2024-11-26T18:34:07.976Z",
    "is_active": true,
    "images": [
      15
    ],
    "categories": [
      3
    ]
  }
},
{
  "model": "projects.project",
  "pk": 40,
  "fields": {
    "organization": 10,
    "name": "Educación Integral",
    "description": "Potencializar las capacidades de los niños menores de 6 años de edad que se encuentran en condición de pobreza y pobreza extrema en las zonas de Netzahualcóyotl y Chimalhuacán proporcionándoles educación básica, alimentación y servicios de salud, dándoles así las bases para convertirse en un factor de cambio para la sociedad.",
    "objectives": "",
    "achievements": "",
    "participation_methods": "",
    "date_added": "2024-11-26T18:34:07.978Z",
    "is_active": true,
    "images": [
      16
    ],
    "categories": [
      3
    ]
  }
},
{
  "model": "auth.permission",
  "fields": {
    "name": "Can add log entry",
    "content_type": [
      "admin",
      "logentry"
    ],
    "codename": "add_logentry"
  }
},
{
  "model": "auth.permission",
  "fields": {
    "name": "Can change log entry",
    "content_type": [
      "admin",
      "logentry"
    ],
    "codename": "change_logentry"
  }
},
{
  "model": "auth.permission",
  "fields": {
    "name": "Can delete log entry",
    "content_type": [
      "admin",
      "logentry"
    ],
    "codename": "delete_logentry"
  }
},
{
  "model": "auth.permission",
  "fields": {
    "name": "Can view log entry",
    "content_type": [
      "admin",
      "logentry"
    ],
    "codename": "view_logentry"
  }
},
{
  "model": "auth.permission",
  "fields": {
    "name": "Can add permission",
    "content_type": [
      "auth",
      "permission"
    ],
    "codename": "add_permission"
  }
},
{
  "model": "auth.permission",
  "fields": {
    "name": "Can change permission",
    "content_type": [
      "auth",
      "permission"
    ],
    "codename": "change_permission"
  }
},
{
  "model": "auth.permission",
  "fields": {
    "name": "Can delete permission",
    "content_type": [
      "auth",
      "permission"
    ],
    "codename": "delete_permission"
  }
},
{
  "model": "auth.permission",
  "fields": {
    "name": "Can view permission",
    "content_type": [
      "auth",
      "permission"
    ],
    "codename": "view_permission"
  }
},
{
  "model": "auth.permission",
  "fields": {
    "name": "Can add group",
    "content_type": [
      "auth",
      "group"
    ],
    "codename": "add_group"
  }
},
{
  "model": "auth.permission",
  "fields": {
    "name": "Can change group",
    "content_type": [
      "auth",
      "group"
    ],
    "codename": "change_group"
  }
},
{
  "model": "auth.permission",
  "fields": {
    "name": "Can delete group",
    "content_type": [
      "auth",
      "group"
    ],
    "codename": "delete_group"
  }
},
{
  "model": "auth.permission",
  "fields": {
    "name": "Can view group",
    "content_type": [
      "auth",
      "group"
    ],
    "codename": "view_group"
  }
},
{
  "model": "auth.permission",
  "fields": {
    "name": "Can add content type",
    "content_type": [
      "contenttypes",
      "contenttype"
    ],
    "codename": "add_contenttype"
  }
},
{
  "model": "auth.permission",
  "fields": {
    "name": "Can change content type",
    "content_type": [
      "contenttypes",
      "contenttype"
    ],
    "codename": "change_contenttype"
  }
},
{
  "model": "auth.permission",
  "fields": {
    "name": "Can delete content type",
    "content_type": [
      "contenttypes",
      "contenttype"
    ],
    "codename": "delete_contenttype"
  }
},
{
  "model": "auth.permission",
  "fields": {
    "name": "Can view content type",
    "content_type": [
      "contenttypes",
      "contenttype"
    ],
    "codename": "view_contenttype"
  }
},
{
  "model": "auth.permission",
  "fields": {
    "name": "Can add session",
    "content_type": [
      "sessions",
      "session"
    ],
    "codename": "add_session"
  }
},
{
  "model": "auth.permission",
  "fields": {
    "name": "Can change session",
    "content_type": [
      "sessions",
      "session"
    ],
    "codename": "change_session"
  }
},
{
  "model": "auth.permission",
  "fields": {
    "name": "Can delete session",
    "content_type": [
      "sessions",
      "session"
    ],
    "codename": "delete_session"
  }
},
{
  "model": "auth.permission",
  "fields": {
    "name": "Can view session",
    "content_type": [
      "sessions",
      "session"
    ],
    "codename": "view_session"
  }
},
{
  "model": "auth.permission",
  "fields": {
    "name": "Can add user",
    "content_type": [
      "users",
      "user"
    ],
    "codename": "add_user"
  }
},
{
  "model": "auth.permission",
  "fields": {
    "name": "Can change user",
    "content_type": [
      "users",
      "user"
    ],
    "codename": "change_user"
  }
},
{
  "model": "auth.permission",
  "fields": {
    "name": "Can delete user",
    "content_type": [
      "users",
      "user"
    ],
    "codename": "delete_user"
  }
},
{
  "model": "auth.permission",
  "fields": {
    "name": "Can view user",
    "content_type": [
      "users",
      "user"
    ],
    "codename": "view_user"
  }
},
{
  "model": "auth.permission",
  "fields": {
    "name": "Can add category",
    "content_type": [
      "organizations",
      "category"
    ],
    "codename": "add_category"
  }
},
{
  "model": "auth.permission",
  "fields": {
    "name": "Can change category",
    "content_type": [
      "organizations",
      "category"
    ],
    "codename": "change_category"
  }
},
{
  "model": "auth.permission",
  "fields": {
    "name": "Can delete category",
    "content_type": [
      "organizations",
      "category"
    ],
    "codename": "delete_category"
  }
},
{
  "model": "auth.permission",
  "fields": {
    "name": "Can view category",
    "content_type": [
      "organizations",
      "category"
    ],
    "codename": "view_category"
  }
},
{
  "model": "auth.permission",
  "fields": {
    "name": "Can add organization",
    "content_type": [
      "organizations",
      "organization"
    ],
    "codename": "add_organization"
  }
},
{
  "model": "auth.permission",
  "fields": {
    "name": "Can change organization",
    "content_type": [
      "organizations",
      "organization"
    ],
    "codename": "change_organization"
  }
},
{
  "model": "auth.permission",
  "fields": {
    "name": "Can delete organization",
    "content_type": [
      "organizations",
      "organization"
    ],
    "codename": "delete_organization"
  }
},
{
  "model": "auth.permission",
  "fields": {
    "name": "Can view organization",
    "content_type": [
      "organizations",
      "organization"
    ],
    "codename": "view_organization"
  }
},
{
  "model": "auth.permission",
  "fields": {
    "name": "Can add image",
    "content_type": [
      "projects",
      "image"
    ],
    "codename": "add_image"
  }
},
{
  "model": "auth.permission",
  "fields": {
    "name": "Can change image",
    "content_type": [
      "projects",
      "image"
    ],
    "codename": "change_image"
  }
},
{
  "model": "auth.permission",
  "fields": {
    "name": "Can delete image",
    "content_type": [
      "projects",
      "image"
    ],
    "codename": "delete_image"
  }
},
{
  "model": "auth.permission",
  "fields": {
    "name": "Can view image",
    "content_type": [
      "projects",
      "image"
    ],
    "codename": "view_image"
  }
},
{
  "model": "auth.permission",
  "fields": {
    "name": "Can add project",
    "content_type": [
      "projects",
      "project"
    ],
    "codename": "add_project"
  }
},
{
  "model": "auth.permission",
  "fields": {
    "name": "Can change project",
    "content_type": [
      "projects",
      "project"
    ],
    "codename": "change_project"
  }
},
{
  "model": "auth.permission",
  "fields": {
    "name": "Can delete project",
    "content_type": [
      "projects",
      "project"
    ],
    "codename": "delete_project"
  }
},
{
  "model": "auth.permission",
  "fields": {
    "name": "Can view project",
    "content_type": [
      "projects",
      "project"
    ],
    "codename": "view_project"
  }
},
{
  "model": "auth.permission",
  "fields": {
    "name": "Can add comment",
    "content_type": [
      "forum",
      "comment"
    ],
    "codename": "add_comment"
  }
},
{
  "model": "auth.permission",
  "fields": {
    "name": "Can change comment",
    "content_type": [
      "forum",
      "comment"
    ],
    "codename": "change_comment"
  }
},
{
  "model": "auth.permission",
  "fields": {
    "name": "Can delete comment",
    "content_type": [
      "forum",
      "comment"
    ],
    "codename": "delete_comment"
  }
},
{
  "model": "auth.permission",
  "fields": {
    "name": "Can view comment",
    "content_type": [
      "forum",
      "comment"
    ],
    "codename": "view_comment"
  }
},
{
  "model": "auth.permission",
  "fields": {
    "name": "Can add forum",
    "content_type": [
      "forum",
      "forum"
    ],
    "codename": "add_forum"
  }
},
{
  "model": "auth.permission",
  "fields": {
    "name": "Can change forum",
    "content_type": [
      "forum",
      "forum"
    ],
    "codename": "change_forum"
  }
},
{
  "model": "auth.permission",
  "fields": {
    "name": "Can delete forum",
    "content_type": [
      "forum",
      "forum"
    ],
    "codename": "delete_forum"
  }
},
{
  "model": "auth.permission",
  "fields": {
    "name": "Can view forum",
    "content_type": [
      "forum",
      "forum"
    ],
    "codename": "view_forum"
  }
},
{
  "model": "auth.permission",
  "fields": {
    "name": "Can add post",
    "content_type": [
      "forum",
      "post"
    ],
    "codename": "add_post"
  }
},
{
  "model": "auth.permission",
  "fields": {
    "name": "Can change post",
    "content_type": [
      "forum",
      "post"
    ],
    "codename": "change_post"
  }
},
{
  "model": "auth.permission",
  "fields": {
    "name": "Can delete post",
    "content_type": [
      "forum",
      "post"
    ],
    "codename": "delete_post"
  }
},
{
  "model": "auth.permission",
  "fields": {
    "name": "Can view post",
    "content_type": [
      "forum",
      "post"
    ],
    "codename": "view_post"
  }
},
{
  "model": "auth.permission",
  "fields": {
    "name": "Can add recognition",
    "content_type": [
      "recognitions",
      "recognition"
    ],
    "codename": "add_recognition"
  }
},
{
  "model": "auth.permission",
  "fields": {
    "name": "Can change recognition",
    "content_type": [
      "recognitions",
      "recognition"
    ],
    "codename": "change_recognition"
  }
},
{
  "model": "auth.permission",
  "fields": {
    "name": "Can delete recognition",
    "content_type": [
      "recognitions",
      "recognition"
    ],
    "codename": "delete_recognition"
  }
},
{
  "model": "auth.permission",
  "fields": {
    "name": "Can view recognition",
    "content_type": [
      "recognitions",
      "recognition"
    ],
    "codename": "view_recognition"
  }
},
{
  "model": "auth.permission",
  "fields": {
    "name": "Can add resource",
    "content_type": [
      "resources",
      "resource"
    ],
    "codename": "add_resource"
  }
},
{
  "model": "auth.permission",
  "fields": {
    "name": "Can change resource",
    "content_type": [
      "resources",
      "resource"
    ],
    "codename": "change_resource"
  }
},
{
  "model": "auth.permission",
  "fields": {
    "name": "Can delete resource",
    "content_type": [
      "resources",
      "resource"
    ],
    "codename": "delete_resource"
  }
},
{
  "model": "auth.permission",
  "fields": {
    "name": "Can view resource",
    "content_type": [
      "resources",
      "resource"
    ],
    "codename": "view_resource"
  }
},
{
  "model": "auth.permission",
  "fields": {
    "name": "Can add diagnostic",
    "content_type": [
      "diagnostics",
      "diagnostic"
    ],
    "codename": "add_diagnostic"
  }
},
{
  "model": "auth.permission",
  "fields": {
    "name": "Can change diagnostic",
    "content_type": [
      "diagnostics",
      "diagnostic"
    ],
    "codename": "change_diagnostic"
  }
},
{
  "model": "auth.permission",
  "fields": {
    "name": "Can delete diagnostic",
    "content_type": [
      "diagnostics",
      "diagnostic"
    ],
    "codename": "delete_diagnostic"
  }
},
{
  "model": "auth.permission",
  "fields": {
    "name": "Can view diagnostic",
    "content_type": [
      "diagnostics",
      "diagnostic"
    ],
    "codename": "view_diagnostic"
  }
},
{
  "model": "auth.permission",
  "fields": {
    "name": "Can add question",
    "content_type": [
      "diagnostics",
      "question"
    ],
    "codename": "add_question"
  }
},
{
  "model": "auth.permission",
  "fields": {
    "name": "Can change question",
    "content_type": [
      "diagnostics",
      "question"
    ],
    "codename": "change_question"
  }
},
{
  "model": "auth.permission",
  "fields": {
    "name": "Can delete question",
    "content_type": [
      "diagnostics",
      "question"
    ],
    "codename": "delete_question"
  }
},
{
  "model": "auth.permission",
  "fields": {
    "name": "Can view question",
    "content_type": [
      "diagnostics",
      "question"
    ],
    "codename": "view_question"
  }
},
{
  "model": "auth.permission",
  "fields": {
    "name": "Can add diagnostic result",
    "content_type": [
      "diagnostics",
      "diagnosticresult"
    ],
    "codename": "add_diagnosticresult"
  }
},
{
  "model": "auth.permission",
  "fields": {
    "name": "Can change diagnostic result",
    "content_type": [
      "diagnostics",
      "diagnosticresult"
    ],
    "codename": "change_diagnosticresult"
  }
},
{
  "model": "auth.permission",
  "fields": {
    "name": "Can delete diagnostic result",
    "content_type": [
      "diagnostics",
      "diagnosticresult"
    ],
    "codename": "delete_diagnosticresult"
  }
},
{
  "model": "auth.permission",
  "fields": {
    "name": "Can view diagnostic result",
    "content_type": [
      "diagnostics",
      "diagnosticresult"
    ],
    "codename": "view_diagnosticresult"
  }
},
{
  "model": "users.user",
  "fields": {
    "password": "pbkdf2_sha256$260000$BRItjOjcrMVY87XsUZXjF1$LSwV4Ry3HgMwo1twobTMZKsr8n6CWNeASK99N2irl20=",
    "last_login": "2024-11-26T18:48:39.112Z",
    "is_superuser": true,
    "username": "osc_user",
    "first_name": "",
    "last_name": "",
    "email": "oscadmin@gmail.com",
    "is_staff": true,
    "is_active": true,
    "date_joined": "2024-11-26T18:23:03.275Z",
    "is_admin": false,
    "groups": [],
    "user_permissions": []
  }
},
{
  "model": "admin.logentry",
  "pk": 1,
  "fields": {
    "action_time": "2024-11-26T18:51:04.936Z",
    "user": [
      "osc_user"
    ],
    "content_type": [
      "organizations",
      "organization"
    ],
    "object_id": "2",
    "object_repr": "Fundacion Semilla Durango",
    "action_flag": 2,
    "change_message": "[{\"changed\": {\"fields\": [\"Website\", \"Social media 2\"]}}]"
  }
},
{
  "model": "admin.logentry",
  "pk": 2,
  "fields": {
    "action_time": "2024-11-26T18:52:40.742Z",
    "user": [
      "osc_user"
    ],
    "content_type": [
      "organizations",
      "organization"
    ],
    "object_id": "9",
    "object_repr": "Instituto Pedagógico para Problemas de Lenguaje, IAP (IPPPLIAP)",
    "action_flag": 2,
    "change_message": "[{\"changed\": {\"fields\": [\"Description\"]}}]"
  }
},
{
  "model": "admin.logentry",
  "pk": 3,
  "fields": {
    "action_time": "2024-11-26T19:01:19.188Z",
    "user": [
      "osc_user"
    ],
    "content_type": [
      "organizations",
      "organization"
    ],
    "object_id": "3",
    "object_repr": "Asilo Primavera, I.A.P.",
    "action_flag": 2,
    "change_message": "[{\"changed\": {\"fields\": [\"Logo\"]}}]"
  }
},
{
  "model": "admin.logentry",
  "pk": 4,
  "fields": {
    "action_time": "2024-11-26T19:02:00.493Z",
    "user": [
      "osc_user"
    ],
    "content_type": [
      "organizations",
      "organization"
    ],
    "object_id": "8",
    "object_repr": "Asociación de Damas Voluntarias del Instituto Nacional de Pediatría, I.A.P.",
    "action_flag": 2,
    "change_message": "[{\"changed\": {\"fields\": [\"Logo\"]}}]"
  }
},
{
  "model": "admin.logentry",
  "pk": 5,
  "fields": {
    "action_time": "2024-11-26T19:02:44.626Z",
    "user": [
      "osc_user"
    ],
    "content_type": [
      "organizations",
      "organization"
    ],
    "object_id": "4",
    "object_repr": "Casa Hogar de las Niñas de Tláhuac, IAP",
    "action_flag": 2,
    "change_message": "[{\"changed\": {\"fields\": [\"Website\"]}}]"
  }
},
{
  "model": "admin.logentry",
  "pk": 6,
  "fields": {
    "action_time": "2024-11-26T19:03:26.507Z",
    "user": [
      "osc_user"
    ],
    "content_type": [
      "organizations",
      "organization"
    ],
    "object_id": "4",
    "object_repr": "Casa Hogar de las Niñas de Tláhuac, IAP",
    "action_flag": 2,
    "change_message": "[{\"changed\": {\"fields\": [\"Logo\"]}}]"
  }
},
{
  "model": "admin.logentry",
  "pk": 7,
  "fields": {
    "action_time": "2024-11-26T19:04:04.967Z",
    "user": [
      "osc_user"
    ],
    "content_type": [
      "organizations",
      "organization"
    ],
    "object_id": "5",
    "object_repr": "Centro de Atención Integral de Labio y Paladar Hendido, A.C.",
    "action_flag": 2,
    "change_message": "[{\"changed\": {\"fields\": [\"Logo\"]}}]"
  }
},
{
  "model": "admin.logentry",
  "pk": 8,
  "fields": {
    "action_time": "2024-11-26T19:05:30.577Z",
    "user": [
      "osc_user"
    ],
    "content_type": [
      "organizations",
      "organization"
    ],
    "object_id": "6",
    "object_repr": "Damas Voluntarias del Instituto Nacional de Perinatología",
    "action_flag": 2,
    "change_message": "[{\"changed\": {\"fields\": [\"Logo\"]}}]"
  }
},
{
  "model": "admin.logentry",
  "pk": 9,
  "fields": {
    "action_time": "2024-11-26T19:06:01.049Z",
    "user": [
      "osc_user"
    ],
    "content_type": [
      "organizations",
      "organization"
    ],
    "object_id": "7",
    "object_repr": "Escuela para Entrenamiento de Perros Guía Para Ciegos I.A.P.",
    "action_flag": 2,
    "change_message": "[{\"changed\": {\"fields\": [\"Logo\"]}}]"
  }
},
{
  "model": "admin.logentry",
  "pk": 10,
  "fields": {
    "action_time": "2024-11-26T19:07:04.963Z",
    "user": [
      "osc_user"
    ],
    "content_type": [
      "organizations",
      "organization"
    ],
    "object_id": "1",
    "object_repr": "Estancia Infantil Vasco de Quiroga I.A.P",
    "action_flag": 2,
    "change_message": "[{\"changed\": {\"fields\": [\"Email\"]}}]"
  }
},
{
  "model": "admin.logentry",
  "pk": 11,
  "fields": {
    "action_time": "2024-11-26T19:07:16.855Z",
    "user": [
      "osc_user"
    ],
    "content_type": [
      "organizations",
      "organization"
    ],
    "object_id": "1",
    "object_repr": "Estancia Infantil Vasco de Quiroga I.A.P",
    "action_flag": 2,
    "change_message": "[{\"changed\": {\"fields\": [\"Logo\"]}}]"
  }
},
{
  "model": "admin.logentry",
  "pk": 12,
  "fields": {
    "action_time": "2024-11-26T19:07:47.692Z",
    "user": [
      "osc_user"
    ],
    "content_type": [
      "organizations",
      "organization"
    ],
    "object_id": "2",
    "object_repr": "Fundacion Semilla Durango",
    "action_flag": 2,
    "change_message": "[{\"changed\": {\"fields\": [\"Logo\"]}}]"
  }
},
{
  "model": "admin.logentry",
  "pk": 13,
  "fields": {
    "action_time": "2024-11-26T19:08:47.293Z",
    "user": [
      "osc_user"
    ],
    "content_type": [
      "organizations",
      "organization"
    ],
    "object_id": "9",
    "object_repr": "Instituto Pedagógico para Problemas de Lenguaje, IAP (IPPPLIAP)",
    "action_flag": 2,
    "change_message": "[{\"changed\": {\"fields\": [\"Logo\"]}}]"
  }
},
{
  "model": "admin.logentry",
  "pk": 14,
  "fields": {
    "action_time": "2024-11-27T05:25:30.602Z",
    "user": [
      "osc_user"
    ],
    "content_type": [
      "projects",
      "image"
    ],
    "object_id": "1",
    "object_repr": "project_images/1-FSemillaDurango-niños.jpg",
    "action_flag": 1,
    "change_message": "[{\"added\": {}}]"
  }
},
{
  "model": "admin.logentry",
  "pk": 15,
  "fields": {
    "action_time": "2024-11-27T05:25:38.822Z",
    "user": [
      "osc_user"
    ],
    "content_type": [
      "projects",
      "image"
    ],
    "object_id": "2",
    "object_repr": "project_images/2-IAP-educando-con-valores.jpg",
    "action_flag": 1,
    "change_message": "[{\"added\": {}}]"
  }
},
{
  "model": "admin.logentry",
  "pk": 16,
  "fields": {
    "action_time": "2024-11-27T05:25:55.081Z",
    "user": [
      "osc_user"
    ],
    "content_type": [
      "projects",
      "image"
    ],
    "object_id": "3",
    "object_repr": "project_images/3-APrimavera-hogar.jpg",
    "action_flag": 1,
    "change_message": "[{\"added\": {}}]"
  }
},
{
  "model": "admin.logentry",
  "pk": 17,
  "fields": {
    "action_time": "2024-11-27T05:26:13.921Z",
    "user": [
      "osc_user"
    ],
    "content_type": [
      "projects",
      "image"
    ],
    "object_id": "4",
    "object_repr": "project_images/4-APrimavera-educacion-formal.jpg",
    "action_flag": 1,
    "change_message": "[{\"added\": {}}]"
  }
},
{
  "model": "admin.logentry",
  "pk": 18,
  "fields": {
    "action_time": "2024-11-27T05:26:21.800Z",
    "user": [
      "osc_user"
    ],
    "content_type": [
      "projects",
      "image"
    ],
    "object_id": "5",
    "object_repr": "project_images/5-APrimavera-etica-espiritual.jpg",
    "action_flag": 1,
    "change_message": "[{\"added\": {}}]"
  }
},
{
  "model": "admin.logentry",
  "pk": 19,
  "fields": {
    "action_time": "2024-11-27T05:26:26.891Z",
    "user": [
      "osc_user"
    ],
    "content_type": [
      "projects",
      "image"
    ],
    "object_id": "6",
    "object_repr": "project_images/6-APrimavera-salud-emocional.jpg",
    "action_flag": 1,
    "change_message": "[{\"added\": {}}]"
  }
},
{
  "model": "admin.logentry",
  "pk": 20,
  "fields": {
    "action_time": "2024-11-27T05:26:31.998Z",
    "user": [
      "osc_user"
    ],
    "content_type": [
      "projects",
      "image"
    ],
    "object_id": "7",
    "object_repr": "project_images/7-CasaTlahuac.jpg",
    "action_flag": 1,
    "change_message": "[{\"added\": {}}]"
  }
},
{
  "model": "admin.logentry",
  "pk": 21,
  "fields": {
    "action_time": "2024-11-27T05:26:41.559Z",
    "user": [
      "osc_user"
    ],
    "content_type": [
      "projects",
      "image"
    ],
    "object_id": "8",
    "object_repr": "project_images/13-DamasVol-vida.jpg",
    "action_flag": 1,
    "change_message": "[{\"added\": {}}]"
  }
},
{
  "model": "admin.logentry",
  "pk": 22,
  "fields": {
    "action_time": "2024-11-27T05:26:59.119Z",
    "user": [
      "osc_user"
    ],
    "content_type": [
      "projects",
      "image"
    ],
    "object_id": "9",
    "object_repr": "project_images/14-DamasVol-diabetes-gest.jpg",
    "action_flag": 1,
    "change_message": "[{\"added\": {}}]"
  }
},
{
  "model": "admin.logentry",
  "pk": 23,
  "fields": {
    "action_time": "2024-11-27T05:27:05.088Z",
    "user": [
      "osc_user"
    ],
    "content_type": [
      "projects",
      "image"
    ],
    "object_id": "10",
    "object_repr": "project_images/18-DamasVol-ayuda-emergente.jpg",
    "action_flag": 1,
    "change_message": "[{\"added\": {}}]"
  }
},
{
  "model": "admin.logentry",
  "pk": 24,
  "fields": {
    "action_time": "2024-11-27T05:27:40.710Z",
    "user": [
      "osc_user"
    ],
    "content_type": [
      "projects",
      "image"
    ],
    "object_id": "11",
    "object_repr": "project_images/34-problemasLenguaje-atencion-niñosPALA.jpg",
    "action_flag": 1,
    "change_message": "[{\"added\": {}}]"
  }
},
{
  "model": "admin.logentry",
  "pk": 25,
  "fields": {
    "action_time": "2024-11-27T05:27:48.726Z",
    "user": [
      "osc_user"
    ],
    "content_type": [
      "projects",
      "image"
    ],
    "object_id": "12",
    "object_repr": "project_images/36-problemasLenguaje-seminariosenalees.jpg",
    "action_flag": 1,
    "change_message": "[{\"added\": {}}]"
  }
},
{
  "model": "admin.logentry",
  "pk": 26,
  "fields": {
    "action_time": "2024-11-27T05:27:58.999Z",
    "user": [
      "osc_user"
    ],
    "content_type": [
      "projects",
      "image"
    ],
    "object_id": "13",
    "object_repr": "project_images/37-problemasLenguaje-senaleesparatodos.jpg",
    "action_flag": 1,
    "change_message": "[{\"added\": {}}]"
  }
},
{
  "model": "admin.logentry",
  "pk": 27,
  "fields": {
    "action_time": "2024-11-27T05:28:04.487Z",
    "user": [
      "osc_user"
    ],
    "content_type": [
      "projects",
      "image"
    ],
    "object_id": "14",
    "object_repr": "project_images/38-problemasLenguaje-capacitacion-estados.jpg",
    "action_flag": 1,
    "change_message": "[{\"added\": {}}]"
  }
},
{
  "model": "admin.logentry",
  "pk": 28,
  "fields": {
    "action_time": "2024-11-27T05:28:11.407Z",
    "user": [
      "osc_user"
    ],
    "content_type": [
      "projects",
      "image"
    ],
    "object_id": "15",
    "object_repr": "project_images/39-problemasLenguaje-practicasuniversidad.jpg",
    "action_flag": 1,
    "change_message": "[{\"added\": {}}]"
  }
},
{
  "model": "admin.logentry",
  "pk": 29,
  "fields": {
    "action_time": "2024-11-27T05:28:17.750Z",
    "user": [
      "osc_user"
    ],
    "content_type": [
      "projects",
      "image"
    ],
    "object_id": "16",
    "object_repr": "project_images/40-asistenciaeducativa-eduintegral.jpg",
    "action_flag": 1,
    "change_message": "[{\"added\": {}}]"
  }
},
{
  "model": "admin.logentry",
  "pk": 30,
  "fields": {
    "action_time": "2024-11-27T05:28:22.801Z",
    "user": [
      "osc_user"
    ],
    "content_type": [
      "projects",
      "image"
    ],
    "object_id": "17",
    "object_repr": "project_images/33-problemaLenguaje-escuelasordos.png",
    "action_flag": 1,
    "change_message": "[{\"added\": {}}]"
  }
},
{
  "model": "admin.logentry",
  "pk": 31,
  "fields": {
    "action_time": "2024-11-27T05:28:28.030Z",
    "user": [
      "osc_user"
    ],
    "content_type": [
      "projects",
      "image"
    ],
    "object_id": "18",
    "object_repr": "project_images/35-problemaLenguaje-jovenessordos.png",
    "action_flag": 1,
    "change_message": "[{\"added\": {}}]"
  }
},
{
  "model": "admin.logentry",
  "pk": 32,
  "fields": {
    "action_time": "2024-11-27T05:29:38.621Z",
    "user": [
      "osc_user"
    ],
    "content_type": [
      "projects",
      "project"
    ],
    "object_id": "2",
    "object_repr": "Apoyo a niños indígenas",
    "action_flag": 2,
    "change_message": "[{\"changed\": {\"fields\": [\"Images\", \"Categories\"]}}]"
  }
},
{
  "model": "admin.logentry",
  "pk": 33,
  "fields": {
    "action_time": "2024-11-27T05:30:47.139Z",
    "user": [
      "osc_user"
    ],
    "content_type": [
      "projects",
      "project"
    ],
    "object_id": "3",
    "object_repr": "Hogar Primavera",
    "action_flag": 2,
    "change_message": "[{\"changed\": {\"fields\": [\"Images\", \"Categories\"]}}]"
  }
},
{
  "model": "admin.logentry",
  "pk": 34,
  "fields": {
    "action_time": "2024-11-27T05:31:03.419Z",
    "user": [
      "osc_user"
    ],
    "content_type": [
      "projects",
      "project"
    ],
    "object_id": "4",
    "object_repr": "Educación Formal",
    "action_flag": 2,
    "change_message": "[{\"changed\": {\"fields\": [\"Images\", \"Categories\"]}}]"
  }
},
{
  "model": "admin.logentry",
  "pk": 35,
  "fields": {
    "action_time": "2024-11-27T05:31:16.570Z",
    "user": [
      "osc_user"
    ],
    "content_type": [
      "projects",
      "project"
    ],
    "object_id": "5",
    "object_repr": "Preparación Ética-Espiritual",
    "action_flag": 2,
    "change_message": "[{\"changed\": {\"fields\": [\"Images\", \"Categories\"]}}]"
  }
},
{
  "model": "admin.logentry",
  "pk": 36,
  "fields": {
    "action_time": "2024-11-27T05:31:27.879Z",
    "user": [
      "osc_user"
    ],
    "content_type": [
      "projects",
      "project"
    ],
    "object_id": "6",
    "object_repr": "Salud Emocional",
    "action_flag": 2,
    "change_message": "[{\"changed\": {\"fields\": [\"Images\", \"Categories\"]}}]"
  }
},
{
  "model": "admin.logentry",
  "pk": 37,
  "fields": {
    "action_time": "2024-11-27T05:32:02.368Z",
    "user": [
      "osc_user"
    ],
    "content_type": [
      "projects",
      "project"
    ],
    "object_id": "7",
    "object_repr": "Casa Hogar",
    "action_flag": 2,
    "change_message": "[{\"changed\": {\"fields\": [\"Images\", \"Categories\"]}}]"
  }
},
{
  "model": "admin.logentry",
  "pk": 38,
  "fields": {
    "action_time": "2024-11-27T05:32:25.807Z",
    "user": [
      "osc_user"
    ],
    "content_type": [
      "projects",
      "project"
    ],
    "object_id": "13",
    "object_repr": "Programa Vida",
    "action_flag": 2,
    "change_message": "[{\"changed\": {\"fields\": [\"Images\", \"Categories\"]}}]"
  }
},
{
  "model": "admin.logentry",
  "pk": 39,
  "fields": {
    "action_time": "2024-11-27T05:32:37.846Z",
    "user": [
      "osc_user"
    ],
    "content_type": [
      "projects",
      "project"
    ],
    "object_id": "14",
    "object_repr": "Diabetes Gestacional",
    "action_flag": 2,
    "change_message": "[{\"changed\": {\"fields\": [\"Images\", \"Categories\"]}}]"
  }
},
{
  "model": "admin.logentry",
  "pk": 40,
  "fields": {
    "action_time": "2024-11-27T05:32:47.465Z",
    "user": [
      "osc_user"
    ],
    "content_type": [
      "projects",
      "project"
    ],
    "object_id": "18",
    "object_repr": "Ayudante Emergente",
    "action_flag": 2,
    "change_message": "[{\"changed\": {\"fields\": [\"Images\", \"Categories\"]}}]"
  }
},
{
  "model": "admin.logentry",
  "pk": 41,
  "fields": {
    "action_time": "2024-11-27T05:33:19.214Z",
    "user": [
      "osc_user"
    ],
    "content_type": [
      "projects",
      "project"
    ],
    "object_id": "33",
    "object_repr": "Escuela para sordos",
    "action_flag": 2,
    "change_message": "[{\"changed\": {\"fields\": [\"Images\", \"Categories\"]}}]"
  }
},
{
  "model": "admin.logentry",
  "pk": 42,
  "fields": {
    "action_time": "2024-11-27T05:33:35.695Z",
    "user": [
      "osc_user"
    ],
    "content_type": [
      "projects",
      "project"
    ],
    "object_id": "34",
    "object_repr": "Programa de Atención a niños con problemas de Lenguaje y Aprendizaje",
    "action_flag": 2,
    "change_message": "[{\"changed\": {\"fields\": [\"Images\", \"Categories\"]}}]"
  }
},
{
  "model": "admin.logentry",
  "pk": 43,
  "fields": {
    "action_time": "2024-11-27T05:33:53.583Z",
    "user": [
      "osc_user"
    ],
    "content_type": [
      "projects",
      "project"
    ],
    "object_id": "35",
    "object_repr": "Programa de jóvenes sordos",
    "action_flag": 2,
    "change_message": "[{\"changed\": {\"fields\": [\"Images\", \"Categories\"]}}]"
  }
},
{
  "model": "admin.logentry",
  "pk": 44,
  "fields": {
    "action_time": "2024-11-27T05:34:11.711Z",
    "user": [
      "osc_user"
    ],
    "content_type": [
      "projects",
      "project"
    ],
    "object_id": "36",
    "object_repr": "Seminario Señalees",
    "action_flag": 2,
    "change_message": "[{\"changed\": {\"fields\": [\"Images\", \"Categories\"]}}]"
  }
},
{
  "model": "admin.logentry",
  "pk": 45,
  "fields": {
    "action_time": "2024-11-27T05:34:42.081Z",
    "user": [
      "osc_user"
    ],
    "content_type": [
      "projects",
      "project"
    ],
    "object_id": "37",
    "object_repr": "Señalees para todos",
    "action_flag": 2,
    "change_message": "[{\"changed\": {\"fields\": [\"Images\", \"Categories\"]}}]"
  }
},
{
  "model": "admin.logentry",
  "pk": 46,
  "fields": {
    "action_time": "2024-11-27T05:34:55.920Z",
    "user": [
      "osc_user"
    ],
    "content_type": [
      "projects",
      "project"
    ],
    "object_id": "38",
    "object_repr": "Capacitación en los estados",
    "action_flag": 2,
    "change_message": "[{\"changed\": {\"fields\": [\"Images\", \"Categories\"]}}]"
  }
},
{
  "model": "admin.logentry",
  "pk": 47,
  "fields": {
    "action_time": "2024-11-27T05:35:13.759Z",
    "user": [
      "osc_user"
    ],
    "content_type": [
      "projects",
      "project"
    ],
    "object_id": "39",
    "object_repr": "Programa de prácticas educativas universitarias",
    "action_flag": 2,
    "change_message": "[{\"changed\": {\"fields\": [\"Images\", \"Categories\"]}}]"
  }
},
{
  "model": "admin.logentry",
  "pk": 48,
  "fields": {
    "action_time": "2024-11-27T05:35:35.170Z",
    "user": [
      "osc_user"
    ],
    "content_type": [
      "projects",
      "project"
    ],
    "object_id": "40",
    "object_repr": "Educación Integral",
    "action_flag": 2,
    "change_message": "[{\"changed\": {\"fields\": [\"Images\", \"Categories\"]}}]"
  }
},
{
  "model": "admin.logentry",
  "pk": 49,
  "fields": {
    "action_time": "2024-11-27T05:38:18.622Z",
    "user": [
      "osc_user"
    ],
    "content_type": [
      "organizations",
      "organization"
    ],
    "object_id": "10",
    "object_repr": "Fundación para la Asistencia Educativa FAE, I.A.P.",
    "action_flag": 2,
    "change_message": "[{\"changed\": {\"fields\": [\"Logo\"]}}]"
  }
},
{
  "model": "admin.logentry",
  "pk": 50,
  "fields": {
    "action_time": "2024-11-27T05:39:19.487Z",
    "user": [
      "osc_user"
    ],
    "content_type": [
      "organizations",
      "organization"
    ],
    "object_id": "8",
    "object_repr": "Asociación de Damas Voluntarias del Instituto Nacional de Pediatría, I.A.P.",
    "action_flag": 2,
    "change_message": "[{\"changed\": {\"fields\": [\"Logo\"]}}]"
  }
},
{
  "model": "admin.logentry",
  "pk": 51,
  "fields": {
    "action_time": "2024-11-27T05:40:11.900Z",
    "user": [
      "osc_user"
    ],
    "content_type": [
      "organizations",
      "organization"
    ],
    "object_id": "3",
    "object_repr": "Asilo Primavera, I.A.P.",
    "action_flag": 2,
    "change_message": "[{\"changed\": {\"fields\": [\"Logo\"]}}]"
  }
},
{
  "model": "admin.logentry",
  "pk": 52,
  "fields": {
    "action_time": "2024-11-27T22:41:05.496Z",
    "user": [
      "osc_user"
    ],
    "content_type": [
      "projects",
      "project"
    ],
    "object_id": "20",
    "object_repr": "Adopta",
    "action_flag": 3,
    "change_message": ""
  }
},
{
  "model": "admin.logentry",
  "pk": 53,
  "fields": {
    "action_time": "2024-11-27T22:41:18.102Z",
    "user": [
      "osc_user"
    ],
    "content_type": [
      "projects",
      "project"
    ],
    "object_id": "23",
    "object_repr": "H.V Consentidos",
    "action_flag": 3,
    "change_message": ""
  }
},
{
  "model": "admin.logentry",
  "pk": 54,
  "fields": {
    "action_time": "2024-11-27T22:43:23.970Z",
    "user": [
      "osc_user"
    ],
    "content_type": [
      "projects",
      "image"
    ],
    "object_id": "19",
    "object_repr": "project_images/21-perrosGuia-adopta-temp.jpg",
    "action_flag": 1,
    "change_message": "[{\"added\": {}}]"
  }
},
{
  "model": "admin.logentry",
  "pk": 55,
  "fields": {
    "action_time": "2024-11-27T22:43:36.737Z",
    "user": [
      "osc_user"
    ],
    "content_type": [
      "projects",
      "image"
    ],
    "object_id": "20",
    "object_repr": "project_images/22-perrosGuia-adopta-definitiva.jpg",
    "action_flag": 1,
    "change_message": "[{\"added\": {}}]"
  }
},
{
  "model": "admin.logentry",
  "pk": 56,
  "fields": {
    "action_time": "2024-11-27T22:43:42.851Z",
    "user": [
      "osc_user"
    ],
    "content_type": [
      "projects",
      "image"
    ],
    "object_id": "21",
    "object_repr": "project_images/28-voluntariasPediatria-tanatologia.jpg",
    "action_flag": 1,
    "change_message": "[{\"added\": {}}]"
  }
},
{
  "model": "admin.logentry",
  "pk": 57,
  "fields": {
    "action_time": "2024-11-27T22:43:48.077Z",
    "user": [
      "osc_user"
    ],
    "content_type": [
      "projects",
      "image"
    ],
    "object_id": "22",
    "object_repr": "project_images/29-voluntariasPediatria-ludoteca.jpg",
    "action_flag": 1,
    "change_message": "[{\"added\": {}}]"
  }
},
{
  "model": "admin.logentry",
  "pk": 58,
  "fields": {
    "action_time": "2024-11-27T22:43:57.146Z",
    "user": [
      "osc_user"
    ],
    "content_type": [
      "projects",
      "image"
    ],
    "object_id": "23",
    "object_repr": "project_images/30-voluntariasPediatria-acompanamiento.jpg",
    "action_flag": 1,
    "change_message": "[{\"added\": {}}]"
  }
},
{
  "model": "admin.logentry",
  "pk": 59,
  "fields": {
    "action_time": "2024-11-27T22:44:05.027Z",
    "user": [
      "osc_user"
    ],
    "content_type": [
      "projects",
      "image"
    ],
    "object_id": "24",
    "object_repr": "project_images/31-voluntariasPediatria-bazar-maru.jpg",
    "action_flag": 1,
    "change_message": "[{\"added\": {}}]"
  }
},
{
  "model": "admin.logentry",
  "pk": 60,
  "fields": {
    "action_time": "2024-11-27T22:44:15.076Z",
    "user": [
      "osc_user"
    ],
    "content_type": [
      "projects",
      "image"
    ],
    "object_id": "25",
    "object_repr": "project_images/32-voluntariasPediatria-realizasueno.jpg",
    "action_flag": 1,
    "change_message": "[{\"added\": {}}]"
  }
},
{
  "model": "admin.logentry",
  "pk": 61,
  "fields": {
    "action_time": "2024-11-27T22:44:25.631Z",
    "user": [
      "osc_user"
    ],
    "content_type": [
      "projects",
      "image"
    ],
    "object_id": "26",
    "object_repr": "project_images/24-perrosGuia-hospital-veterinario.jpg",
    "action_flag": 1,
    "change_message": "[{\"added\": {}}]"
  }
},
{
  "model": "admin.logentry",
  "pk": 62,
  "fields": {
    "action_time": "2024-11-27T22:44:30.486Z",
    "user": [
      "osc_user"
    ],
    "content_type": [
      "projects",
      "image"
    ],
    "object_id": "27",
    "object_repr": "project_images/27-voluntariasPediatria-apadrinamiento.jpg",
    "action_flag": 1,
    "change_message": "[{\"added\": {}}]"
  }
},
{
  "model": "admin.logentry",
  "pk": 63,
  "fields": {
    "action_time": "2024-11-27T22:45:04.944Z",
    "user": [
      "osc_user"
    ],
    "content_type": [
      "projects",
      "project"
    ],
    "object_id": "21",
    "object_repr": "Adopción temporal de cachorros",
    "action_flag": 2,
    "change_message": "[{\"changed\": {\"fields\": [\"Description\", \"Images\", \"Categories\"]}}]"
  }
}
]
