[
{
  "model": "contenttypes.contenttype",
  "fields": {
    "app_label": "admin",
    "model": "logentry"
  }
},
{
  "model": "contenttypes.contenttype",
  "fields": {
    "app_label": "auth",
    "model": "permission"
  }
},
{
  "model": "contenttypes.contenttype",
  "fields": {
    "app_label": "auth",
    "model": "group"
  }
},
{
  "model": "contenttypes.contenttype",
  "fields": {
    "app_label": "contenttypes",
    "model": "contenttype"
  }
},
{
  "model": "contenttypes.contenttype",
  "fields": {
    "app_label": "sessions",
    "model": "session"
  }
},
{
  "model": "contenttypes.contenttype",
  "fields": {
    "app_label": "users",
    "model": "user"
  }
},
{
  "model": "contenttypes.contenttype",
  "fields": {
    "app_label": "organizations",
    "model": "category"
  }
},
{
  "model": "contenttypes.contenttype",
  "fields": {
    "app_label": "organizations",
    "model": "organization"
  }
},
{
  "model": "contenttypes.contenttype",
  "fields": {
    "app_label": "projects",
    "model": "image"
  }
},
{
  "model": "contenttypes.contenttype",
  "fields": {
    "app_label": "projects",
    "model": "project"
  }
},
{
  "model": "contenttypes.contenttype",
  "fields": {
    "app_label": "forum",
    "model": "comment"
  }
},
{
  "model": "contenttypes.contenttype",
  "fields": {
    "app_label": "forum",
    "model": "forum"
  }
},
{
  "model": "contenttypes.contenttype",
  "fields": {
    "app_label": "forum",
    "model": "post"
  }
},
{
  "model": "contenttypes.contenttype",
  "fields": {
    "app_label": "recognitions",
    "model": "recognition"
  }
},
{
  "model": "contenttypes.contenttype",
  "fields": {
    "app_label": "resources",
    "model": "resource"
  }
},
{
  "model": "contenttypes.contenttype",
  "fields": {
    "app_label": "diagnostics",
    "model": "diagnostic"
  }
},
{
  "model": "contenttypes.contenttype",
  "fields": {
    "app_label": "diagnostics",
    "model": "question"
  }
},
{
  "model": "contenttypes.contenttype",
  "fields": {
    "app_label": "diagnostics",
    "model": "diagnosticresult"
  }
},
{
  "model": "sessions.session",
  "pk": "s7jiw4epssw13o0n052c94advp1r21kl",
  "fields": {
    "session_data": ".eJxVjDsOwjAQBe_iGlle49iGkp4zRPvx4gBKpDipEHeHSCmgfTPzXqbHdan92srcD2LOBszhdyPkRxk3IHccb5PlaVzmgeym2J02e52kPC-7-3dQsdVvrY5cyEHB00mjZlICVQodICBzEpGiITECuaiJHSPr0fsoCFlyZ94fGlg5bg:1tG0c3:3a76nJdpi8tpmb-UnqsX_PrfqnquZd42fRhDIUgqPlM",
    "expire_date": "2024-12-10T18:48:39.115Z"
  }
},
{
  "model": "organizations.category",
  "pk": 1,
  "fields": {
    "name": "Salud"
  }
},
{
  "model": "organizations.category",
  "pk": 2,
  "fields": {
    "name": "Infancia"
  }
},
{
  "model": "organizations.category",
  "pk": 3,
  "fields": {
    "name": "Apoyo Social"
  }
},
{
  "model": "organizations.organization",
  "pk": 1,
  "fields": {
    "name": "Estancia Infantil Vasco de Quiroga I.A.P",
    "description": "Dar un servicio de calidad humana con responsabilidad, creando relaciones estrechas de colaboración entre padres de familia y el personal docente, para fortalecer la formación integral y el sano crecimiento de los niños y niñas de la comunidad.",
    "website": null,
    "logo": "logos/imagen_2024-11-26_130715471.png",
    "address": "Ramón López Velarde # 7 colonia Lomas de Nuevo México",
    "date_added": "2024-11-26T18:34:07.850Z",
    "is_active": true,
    "social_media_1": "https://www.facebook.com/p/estancia-infantil-vasco-de-quiroga-iap-100064701769756/",
    "social_media_2": "None",
    "phone_number": "5552572088",
    "email": null,
    "categories": [
      2
    ]
  }
},
{
  "model": "organizations.organization",
  "pk": 2,
  "fields": {
    "name": "Fundacion Semilla Durango",
    "description": "Fundación Semilla es una Asociación sin fines de lucro dedicada a mejorar las condiciones de vida de los niños indígenas de Durango.",
    "website": null,
    "logo": "logos/imagen_2024-11-26_130745764.png",
    "address": "Avenida General Lázaro Cárdenas esquina con Mascareñas 507 sur, Durango, Mexico",
    "date_added": "2024-11-26T18:34:07.852Z",
    "is_active": true,
    "social_media_1": "https://www.facebook.com/fundacionsemilla.dgo",
    "social_media_2": null,
    "phone_number": "6188175359",
    "email": "fundacionsemilla.dgo@gmail.com",
    "categories": [
      2
    ]
  }
},
{
  "model": "organizations.organization",
  "pk": 3,
  "fields": {
    "name": "Asilo Primavera, I.A.P.",
    "description": "Intervenir en la formación de niños varones de 6 a 13 años de edad, de escasos recursos, huérfanos parcial, total o con otro tipo de desamparo, a través de educación y atención integral, contribuyendo positivamente en su situación de vulnerabilidad.",
    "website": "https://www.asiloprimavera.org/",
    "logo": "logos/logo-asiloprimavera.jpg",
    "address": "Choapan No. 29 Col. Hipódromo, Alcaldía Cuauhtémoc. C.P. 06100  Ciudad de México",
    "date_added": "2024-11-26T18:34:07.854Z",
    "is_active": true,
    "social_media_1": "None",
    "social_media_2": "None",
    "phone_number": "5555150269",
    "email": "info@asiloprimavera.org",
    "categories": [
      2
    ]
  }
},
{
  "model": "organizations.organization",
  "pk": 4,
  "fields": {
    "name": "Casa Hogar de las Niñas de Tláhuac, IAP",
    "description": "Somos Casa Hogar de las Niñas de Tláhuac! Otorgamos amor, educación y apoyo integral a niñas de 6 a 12 años en situación vulnerable. Únete a nuestra misión de transformar vidas y construir un futuro brillante para estas niñas!",
    "website": null,
    "logo": "logos/imagen_2024-11-26_130325318.png",
    "address": "Piraña #5 , Col. Del Mar , Alcaldía Tláhuac , Mexico City, Mexico",
    "date_added": "2024-11-26T18:34:07.855Z",
    "is_active": true,
    "social_media_1": "https://www.facebook.com/casahogartlahuac",
    "social_media_2": "None",
    "phone_number": "5558459323",
    "email": "contacto@casahogarninas-iap.org.mx",
    "categories": [
      2
    ]
  }
},
{
  "model": "organizations.organization",
  "pk": 5,
  "fields": {
    "name": "Centro de Atención Integral de Labio y Paladar Hendido, A.C.",
    "description": "Transformamos vidas a través de la corrección quirúrgica del labio y paladar hendido, asegurando que cada niño alcance su máximo potencial.",
    "website": "https://www.centrosuma.org/",
    "logo": "logos/imagen_2024-11-26_130403384.png",
    "address": "Viaducto Miguel Alemán #121, Col. Escandón, I sección. Alcaldía Miguel Hidalgo casi esquina con Avenida Patriotismo. CDMX, México. CP. 03100",
    "date_added": "2024-11-26T18:34:07.857Z",
    "is_active": true,
    "social_media_1": "https://www.facebook.com/centrosumaorg/",
    "social_media_2": "https://instagram.com/lph.centrosuma?igshid=YmMyMTA2M2Y=",
    "phone_number": "5552572088",
    "email": "info@centrosuma.org",
    "categories": [
      1
    ]
  }
},
{
  "model": "organizations.organization",
  "pk": 6,
  "fields": {
    "name": "Damas Voluntarias del Instituto Nacional de Perinatología",
    "description": "Apoyamos emocional y económicamente a mujeres y bebés en situación de pobreza y enfermedad en el Instituto Nacional de Perinatología.",
    "website": "https://www.damasvoluntariasinper.com/",
    "logo": "logos/imagen_2024-11-26_130529134.png",
    "address": "Montes Urales No, 800 Col. Virreyes, Alcaldía Miguel Hidalgo. CDMX 11000",
    "date_added": "2024-11-26T18:34:07.859Z",
    "is_active": true,
    "social_media_1": "https://es-la.facebook.com/pages/category/Community-Service/Damas-Voluntarias-INPER-155545378453704/",
    "social_media_2": "https://instagram.com/damasvoluntarias.inper?igshid=YzA2ZDJiZGQ=",
    "phone_number": "55209900",
    "email": "contacto@damasvoluntariasinper.com",
    "categories": [
      1
    ]
  }
},
{
  "model": "organizations.organization",
  "pk": 7,
  "fields": {
    "name": "Escuela para Entrenamiento de Perros Guía Para Ciegos I.A.P.",
    "description": "Criamos, entrenamos y otorgamos perros guía para personas con discapacidad visual.",
    "website": "https://www.perrosguia.org.mx/",
    "logo": "logos/imagen_2024-11-26_130559174.png",
    "address": "Avenida Canal Nacional número 1075, colonia Villa Quietud, Coyoacán, Ciudad de México, Código Postal 04960",
    "date_added": "2024-11-26T18:34:07.860Z",
    "is_active": true,
    "social_media_1": "https://www.facebook.com/perrosguiaiap",
    "social_media_2": "https://www.instagram.com/perrosguiaiap/",
    "phone_number": "5556731587",
    "email": "donativos@perrosguia.org.mx",
    "categories": [
      3
    ]
  }
},
{
  "model": "organizations.organization",
  "pk": 8,
  "fields": {
    "name": "Asociación de Damas Voluntarias del Instituto Nacional de Pediatría, I.A.P.",
    "description": "Ayudamos a niños hospitalizados y de consulta externa, ofreciendo apadrinamiento de medicamentos, prótesis y estudios.",
    "website": "https://damasvoluntariasin.wixsite.com/misitio",
    "logo": "logos/imagen_2024-11-26_130156887.png",
    "address": "Calle Montes Urales, Blvd. de los Virreyes No, 800, Miguel Hidalgo, 11000 Ciudad de México, CDMX",
    "date_added": "2024-11-26T18:34:07.862Z",
    "is_active": true,
    "social_media_1": "https://www.facebook.com/damasvoluntariasINP/?ref=bookmarks",
    "social_media_2": "None",
    "phone_number": "None",
    "email": "damasvoluntariasinp@yahoo.com.mx",
    "categories": [
      3
    ]
  }
},
{
  "model": "organizations.organization",
  "pk": 9,
  "fields": {
    "name": "Instituto Pedagógico para Problemas de Lenguaje, IAP (IPPPLIAP)",
    "description": "Somos una Institución de Asistencia Privada que desde 1967 atendemos a niñas, niños y jóvenes sordos y a niñas y niños con problemas de lenguaje o de aprendizaje, y que llevamos a cabo nuestra labor gracias al apoyo de fundaciones, empresas y personas que noblemente apoyan nuestra causa.",
    "website": "https://ippliap.edu.mx/",
    "logo": "logos/imagen_2024-11-26_130845905.png",
    "address": "Poussin 63, colonia San Juan, alcaldía Benito Juárez, C. P. 03730, Ciudad de México.",
    "date_added": "2024-11-26T18:34:07.864Z",
    "is_active": true,
    "social_media_1": "https://www.facebook.com/ippliap.educacion/",
    "social_media_2": "https://twitter.com/ippliapoficial?lang=es",
    "phone_number": "525555981120",
    "email": "ippliap@ippliap.edu.mx",
    "categories": [
      3
    ]
  }
},
{
  "model": "organizations.organization",
  "pk": 10,
  "fields": {
    "name": "Fundación para la Asistencia Educativa FAE, I.A.P.",
    "description": "Potencializamos las capacidades de niños menores de 6 años en situación de pobreza en Netzahualcóyotl y Chimalhuacán, proporcionándoles educación, alimentación y servicios de salud.",
    "website": "https://fae.org.mx/",
    "logo": "logos/header.jpg",
    "address": "Calle 27 #180 Col. El Sol, Nezahualcóyotl, Edo. de Méx. CP.57200",
    "date_added": "2024-11-26T18:34:07.865Z",
    "is_active": true,
    "social_media_1": "https://www.facebook.com/Fundaci%C3%B3n-FAE-250583648301397/",
    "social_media_2": "https://twitter.com/fundacionfae",
    "phone_number": "5565856640",
    "email": "contacto@fae.org.mx",
    "categories": [
      2
    ]
  }
},
{
  "model": "projects.project",
  "pk": 1,
  "fields": {
    "organization": 1,
    "name": "Estancia Infantil",
    "description": "",
    "objectives": "",
    "achievements": "",
    "participation_methods": "",
    "date_added": "2024-11-26T18:34:07.981Z",
    "is_active": true,
    "images": [],
    "categories": []
  }
},
{
  "model": "projects.project",
  "pk": 2,
  "fields": {
    "organization": 2,
    "name": "Apoyo a niños indígenas",
    "description": "",
    "objectives": "",
    "achievements": "",
    "participation_methods": "",
    "date_added": "2024-11-26T18:34:07.887Z",
    "is_active": true,
    "images": [],
    "categories": []
  }
},
{
  "model": "projects.project",
  "pk": 3,
  "fields": {
    "organization": 3,
    "name": "Hogar Primavera",
    "description": "",
    "objectives": "",
    "achievements": "",
    "participation_methods": "",
    "date_added": "2024-11-26T18:34:07.890Z",
    "is_active": true,
    "images": [],
    "categories": []
  }
},
{
  "model": "projects.project",
  "pk": 4,
  "fields": {
    "organization": 3,
    "name": "Educación Formal",
    "description": "",
    "objectives": "",
    "achievements": "",
    "participation_methods": "",
    "date_added": "2024-11-26T18:34:07.892Z",
    "is_active": true,
    "images": [],
    "categories": []
  }
},
{
  "model": "projects.project",
  "pk": 5,
  "fields": {
    "organization": 3,
    "name": "Preparación Ética-Espiritual",
    "description": "",
    "objectives": "",
    "achievements": "",
    "participation_methods": "",
    "date_added": "2024-11-26T18:34:07.895Z",
    "is_active": true,
    "images": [],
    "categories": []
  }
},
{
  "model": "projects.project",
  "pk": 6,
  "fields": {
    "organization": 3,
    "name": "Salud Emocional",
    "description": "",
    "objectives": "",
    "achievements": "",
    "participation_methods": "",
    "date_added": "2024-11-26T18:34:07.897Z",
    "is_active": true,
    "images": [],
    "categories": []
  }
},
{
  "model": "projects.project",
  "pk": 7,
  "fields": {
    "organization": 4,
    "name": "Casa Hogar",
    "description": "",
    "objectives": "",
    "achievements": "",
    "participation_methods": "",
    "date_added": "2024-11-26T18:34:07.900Z",
    "is_active": true,
    "images": [],
    "categories": []
  }
},
{
  "model": "projects.project",
  "pk": 8,
  "fields": {
    "organization": 5,
    "name": "Cirugía Segura",
    "description": "",
    "objectives": "",
    "achievements": "",
    "participation_methods": "",
    "date_added": "2024-11-26T18:34:07.902Z",
    "is_active": true,
    "images": [],
    "categories": []
  }
},
{
  "model": "projects.project",
  "pk": 9,
  "fields": {
    "organization": 5,
    "name": "Atención Dental",
    "description": "",
    "objectives": "",
    "achievements": "",
    "participation_methods": "",
    "date_added": "2024-11-26T18:34:07.904Z",
    "is_active": true,
    "images": [],
    "categories": []
  }
},
{
  "model": "projects.project",
  "pk": 10,
  "fields": {
    "organization": 5,
    "name": "Nutrición y Lactancia",
    "description": "",
    "objectives": "",
    "achievements": "",
    "participation_methods": "",
    "date_added": "2024-11-26T18:34:07.907Z",
    "is_active": true,
    "images": [],
    "categories": []
  }
},
{
  "model": "projects.project",
  "pk": 11,
  "fields": {
    "organization": 5,
    "name": "Lenguaje y Estimulación temprana",
    "description": "",
    "objectives": "",
    "achievements": "",
    "participation_methods": "",
    "date_added": "2024-11-26T18:34:07.909Z",
    "is_active": true,
    "images": [],
    "categories": []
  }
},
{
  "model": "projects.project",
  "pk": 12,
  "fields": {
    "organization": 5,
    "name": "Apoyo emocional y vinculación familiar",
    "description": "",
    "objectives": "",
    "achievements": "",
    "participation_methods": "",
    "date_added": "2024-11-26T18:34:07.912Z",
    "is_active": true,
    "images": [],
    "categories": []
  }
},
{
  "model": "projects.project",
  "pk": 13,
  "fields": {
    "organization": 6,
    "name": "Programa Vida",
    "description": "",
    "objectives": "",
    "achievements": "",
    "participation_methods": "",
    "date_added": "2024-11-26T18:34:07.914Z",
    "is_active": true,
    "images": [],
    "categories": []
  }
},
{
  "model": "projects.project",
  "pk": 14,
  "fields": {
    "organization": 6,
    "name": "Diabetes Gestacional",
    "description": "",
    "objectives": "",
    "achievements": "",
    "participation_methods": "",
    "date_added": "2024-11-26T18:34:07.917Z",
    "is_active": true,
    "images": [],
    "categories": []
  }
},
{
  "model": "projects.project",
  "pk": 15,
  "fields": {
    "organization": 6,
    "name": "Programa Rafa",
    "description": "",
    "objectives": "",
    "achievements": "",
    "participation_methods": "",
    "date_added": "2024-11-26T18:34:07.919Z",
    "is_active": true,
    "images": [],
    "categories": []
  }
},
{
  "model": "projects.project",
  "pk": 16,
  "fields": {
    "organization": 6,
    "name": "Cardio",
    "description": "",
    "objectives": "",
    "achievements": "",
    "participation_methods": "",
    "date_added": "2024-11-26T18:34:07.921Z",
    "is_active": true,
    "images": [],
    "categories": []
  }
},
{
  "model": "projects.project",
  "pk": 17,
  "fields": {
    "organization": 6,
    "name": "Creando Sonrisas",
    "description": "",
    "objectives": "",
    "achievements": "",
    "participation_methods": "",
    "date_added": "2024-11-26T18:34:07.924Z",
    "is_active": true,
    "images": [],
    "categories": []
  }
},
{
  "model": "projects.project",
  "pk": 18,
  "fields": {
    "organization": 6,
    "name": "Ayudante Emergente",
    "description": "",
    "objectives": "",
    "achievements": "",
    "participation_methods": "",
    "date_added": "2024-11-26T18:34:07.926Z",
    "is_active": true,
    "images": [],
    "categories": []
  }
},
{
  "model": "projects.project",
  "pk": 19,
  "fields": {
    "organization": 6,
    "name": "Ayuda Prolongada",
    "description": "",
    "objectives": "",
    "achievements": "",
    "participation_methods": "",
    "date_added": "2024-11-26T18:34:07.929Z",
    "is_active": true,
    "images": [],
    "categories": []
  }
},
{
  "model": "projects.project",
  "pk": 20,
  "fields": {
    "organization": 7,
    "name": "Adopta",
    "description": "",
    "objectives": "",
    "achievements": "",
    "participation_methods": "",
    "date_added": "2024-11-26T18:34:07.931Z",
    "is_active": true,
    "images": [],
    "categories": []
  }
},
{
  "model": "projects.project",
  "pk": 21,
  "fields": {
    "organization": 7,
    "name": "Adopción temporal de cachorros",
    "description": "",
    "objectives": "",
    "achievements": "",
    "participation_methods": "",
    "date_added": "2024-11-26T18:34:07.933Z",
    "is_active": true,
    "images": [],
    "categories": []
  }
},
{
  "model": "projects.project",
  "pk": 22,
  "fields": {
    "organization": 7,
    "name": "Adopción definitiva",
    "description": "",
    "objectives": "",
    "achievements": "",
    "participation_methods": "",
    "date_added": "2024-11-26T18:34:07.936Z",
    "is_active": true,
    "images": [],
    "categories": []
  }
},
{
  "model": "projects.project",
  "pk": 23,
  "fields": {
    "organization": 7,
    "name": "H.V Consentidos",
    "description": "",
    "objectives": "",
    "achievements": "",
    "participation_methods": "",
    "date_added": "2024-11-26T18:34:07.938Z",
    "is_active": true,
    "images": [],
    "categories": []
  }
},
{
  "model": "projects.project",
  "pk": 24,
  "fields": {
    "organization": 7,
    "name": "Hospital Veterinario",
    "description": "",
    "objectives": "",
    "achievements": "",
    "participation_methods": "",
    "date_added": "2024-11-26T18:34:07.940Z",
    "is_active": true,
    "images": [],
    "categories": []
  }
},
{
  "model": "projects.project",
  "pk": 25,
  "fields": {
    "organization": 7,
    "name": "Obediencia básica",
    "description": "",
    "objectives": "",
    "achievements": "",
    "participation_methods": "",
    "date_added": "2024-11-26T18:34:07.943Z",
    "is_active": true,
    "images": [],
    "categories": []
  }
},
{
  "model": "projects.project",
  "pk": 26,
  "fields": {
    "organization": 7,
    "name": "Pensión canina",
    "description": "",
    "objectives": "",
    "achievements": "",
    "participation_methods": "",
    "date_added": "2024-11-26T18:34:07.945Z",
    "is_active": true,
    "images": [],
    "categories": []
  }
},
{
  "model": "projects.project",
  "pk": 27,
  "fields": {
    "organization": 8,
    "name": "Apadrinamiento",
    "description": "",
    "objectives": "",
    "achievements": "",
    "participation_methods": "",
    "date_added": "2024-11-26T18:34:07.947Z",
    "is_active": true,
    "images": [],
    "categories": []
  }
},
{
  "model": "projects.project",
  "pk": 28,
  "fields": {
    "organization": 8,
    "name": "Tanatología",
    "description": "",
    "objectives": "",
    "achievements": "",
    "participation_methods": "",
    "date_added": "2024-11-26T18:34:07.950Z",
    "is_active": true,
    "images": [],
    "categories": []
  }
},
{
  "model": "projects.project",
  "pk": 29,
  "fields": {
    "organization": 8,
    "name": "Ludoteca",
    "description": "",
    "objectives": "",
    "achievements": "",
    "participation_methods": "",
    "date_added": "2024-11-26T18:34:07.952Z",
    "is_active": true,
    "images": [],
    "categories": []
  }
},
{
  "model": "projects.project",
  "pk": 30,
  "fields": {
    "organization": 8,
    "name": "Acompañamiento",
    "description": "",
    "objectives": "",
    "achievements": "",
    "participation_methods": "",
    "date_added": "2024-11-26T18:34:07.955Z",
    "is_active": true,
    "images": [],
    "categories": []
  }
},
{
  "model": "projects.project",
  "pk": 31,
  "fields": {
    "organization": 8,
    "name": "Bazar de Maru",
    "description": "",
    "objectives": "",
    "achievements": "",
    "participation_methods": "",
    "date_added": "2024-11-26T18:34:07.957Z",
    "is_active": true,
    "images": [],
    "categories": []
  }
},
{
  "model": "projects.project",
  "pk": 32,
  "fields": {
    "organization": 8,
    "name": "Realiza tu sueño",
    "description": "",
    "objectives": "",
    "achievements": "",
    "participation_methods": "",
    "date_added": "2024-11-26T18:34:07.960Z",
    "is_active": true,
    "images": [],
    "categories": []
  }
},
{
  "model": "projects.project",
  "pk": 33,
  "fields": {
    "organization": 9,
    "name": "Escuela para sordos",
    "description": "",
    "objectives": "",
    "achievements": "",
    "participation_methods": "",
    "date_added": "2024-11-26T18:34:07.962Z",
    "is_active": true,
    "images": [],
    "categories": []
  }
},
{
  "model": "projects.project",
  "pk": 34,
  "fields": {
    "organization": 9,
    "name": "Programa de Atención a niños con problemas de Lenguaje y Aprendizaje",
    "description": "",
    "objectives": "",
    "achievements": "",
    "participation_methods": "",
    "date_added": "2024-11-26T18:34:07.964Z",
    "is_active": true,
    "images": [],
    "categories": []
  }
},
{
  "model": "projects.project",
  "pk": 35,
  "fields": {
    "organization": 9,
    "name": "Programa de jóvenes sordos",
    "description": "",
    "objectives": "",
    "achievements": "",
    "participation_methods": "",
    "date_added": "2024-11-26T18:34:07.967Z",
    "is_active": true,
    "images": [],
    "categories": []
  }
},
{
  "model": "projects.project",
  "pk": 36,
  "fields": {
    "organization": 9,
    "name": "Seminario Señalees",
    "description": "",
    "objectives": "",
    "achievements": "",
    "participation_methods": "",
    "date_added": "2024-11-26T18:34:07.969Z",
    "is_active": true,
    "images": [],
    "categories": []
  }
},
{
  "model": "projects.project",
  "pk": 37,
  "fields": {
    "organization": 9,
    "name": "Señalees para todos",
    "description": "",
    "objectives": "",
    "achievements": "",
    "participation_methods": "",
    "date_added": "2024-11-26T18:34:07.971Z",
    "is_active": true,
    "images": [],
    "categories": []
  }
},
{
  "model": "projects.project",
  "pk": 38,
  "fields": {
    "organization": 9,
    "name": "Capacitación en los estados",
    "description": "",
    "objectives": "",
    "achievements": "",
    "participation_methods": "",
    "date_added": "2024-11-26T18:34:07.974Z",
    "is_active": true,
    "images": [],
    "categories": []
  }
},
{
  "model": "projects.project",
  "pk": 39,
  "fields": {
    "organization": 9,
    "name": "Programa de prácticas educativas universitarias",
    "description": "",
    "objectives": "",
    "achievements": "",
    "participation_methods": "",
    "date_added": "2024-11-26T18:34:07.976Z",
    "is_active": true,
    "images": [],
    "categories": []
  }
},
{
  "model": "projects.project",
  "pk": 40,
  "fields": {
    "organization": 10,
    "name": "Educación Integral",
    "description": "",
    "objectives": "",
    "achievements": "",
    "participation_methods": "",
    "date_added": "2024-11-26T18:34:07.978Z",
    "is_active": true,
    "images": [],
    "categories": []
  }
},
{
  "model": "auth.permission",
  "fields": {
    "name": "Can add log entry",
    "content_type": [
      "admin",
      "logentry"
    ],
    "codename": "add_logentry"
  }
},
{
  "model": "auth.permission",
  "fields": {
    "name": "Can change log entry",
    "content_type": [
      "admin",
      "logentry"
    ],
    "codename": "change_logentry"
  }
},
{
  "model": "auth.permission",
  "fields": {
    "name": "Can delete log entry",
    "content_type": [
      "admin",
      "logentry"
    ],
    "codename": "delete_logentry"
  }
},
{
  "model": "auth.permission",
  "fields": {
    "name": "Can view log entry",
    "content_type": [
      "admin",
      "logentry"
    ],
    "codename": "view_logentry"
  }
},
{
  "model": "auth.permission",
  "fields": {
    "name": "Can add permission",
    "content_type": [
      "auth",
      "permission"
    ],
    "codename": "add_permission"
  }
},
{
  "model": "auth.permission",
  "fields": {
    "name": "Can change permission",
    "content_type": [
      "auth",
      "permission"
    ],
    "codename": "change_permission"
  }
},
{
  "model": "auth.permission",
  "fields": {
    "name": "Can delete permission",
    "content_type": [
      "auth",
      "permission"
    ],
    "codename": "delete_permission"
  }
},
{
  "model": "auth.permission",
  "fields": {
    "name": "Can view permission",
    "content_type": [
      "auth",
      "permission"
    ],
    "codename": "view_permission"
  }
},
{
  "model": "auth.permission",
  "fields": {
    "name": "Can add group",
    "content_type": [
      "auth",
      "group"
    ],
    "codename": "add_group"
  }
},
{
  "model": "auth.permission",
  "fields": {
    "name": "Can change group",
    "content_type": [
      "auth",
      "group"
    ],
    "codename": "change_group"
  }
},
{
  "model": "auth.permission",
  "fields": {
    "name": "Can delete group",
    "content_type": [
      "auth",
      "group"
    ],
    "codename": "delete_group"
  }
},
{
  "model": "auth.permission",
  "fields": {
    "name": "Can view group",
    "content_type": [
      "auth",
      "group"
    ],
    "codename": "view_group"
  }
},
{
  "model": "auth.permission",
  "fields": {
    "name": "Can add content type",
    "content_type": [
      "contenttypes",
      "contenttype"
    ],
    "codename": "add_contenttype"
  }
},
{
  "model": "auth.permission",
  "fields": {
    "name": "Can change content type",
    "content_type": [
      "contenttypes",
      "contenttype"
    ],
    "codename": "change_contenttype"
  }
},
{
  "model": "auth.permission",
  "fields": {
    "name": "Can delete content type",
    "content_type": [
      "contenttypes",
      "contenttype"
    ],
    "codename": "delete_contenttype"
  }
},
{
  "model": "auth.permission",
  "fields": {
    "name": "Can view content type",
    "content_type": [
      "contenttypes",
      "contenttype"
    ],
    "codename": "view_contenttype"
  }
},
{
  "model": "auth.permission",
  "fields": {
    "name": "Can add session",
    "content_type": [
      "sessions",
      "session"
    ],
    "codename": "add_session"
  }
},
{
  "model": "auth.permission",
  "fields": {
    "name": "Can change session",
    "content_type": [
      "sessions",
      "session"
    ],
    "codename": "change_session"
  }
},
{
  "model": "auth.permission",
  "fields": {
    "name": "Can delete session",
    "content_type": [
      "sessions",
      "session"
    ],
    "codename": "delete_session"
  }
},
{
  "model": "auth.permission",
  "fields": {
    "name": "Can view session",
    "content_type": [
      "sessions",
      "session"
    ],
    "codename": "view_session"
  }
},
{
  "model": "auth.permission",
  "fields": {
    "name": "Can add user",
    "content_type": [
      "users",
      "user"
    ],
    "codename": "add_user"
  }
},
{
  "model": "auth.permission",
  "fields": {
    "name": "Can change user",
    "content_type": [
      "users",
      "user"
    ],
    "codename": "change_user"
  }
},
{
  "model": "auth.permission",
  "fields": {
    "name": "Can delete user",
    "content_type": [
      "users",
      "user"
    ],
    "codename": "delete_user"
  }
},
{
  "model": "auth.permission",
  "fields": {
    "name": "Can view user",
    "content_type": [
      "users",
      "user"
    ],
    "codename": "view_user"
  }
},
{
  "model": "auth.permission",
  "fields": {
    "name": "Can add category",
    "content_type": [
      "organizations",
      "category"
    ],
    "codename": "add_category"
  }
},
{
  "model": "auth.permission",
  "fields": {
    "name": "Can change category",
    "content_type": [
      "organizations",
      "category"
    ],
    "codename": "change_category"
  }
},
{
  "model": "auth.permission",
  "fields": {
    "name": "Can delete category",
    "content_type": [
      "organizations",
      "category"
    ],
    "codename": "delete_category"
  }
},
{
  "model": "auth.permission",
  "fields": {
    "name": "Can view category",
    "content_type": [
      "organizations",
      "category"
    ],
    "codename": "view_category"
  }
},
{
  "model": "auth.permission",
  "fields": {
    "name": "Can add organization",
    "content_type": [
      "organizations",
      "organization"
    ],
    "codename": "add_organization"
  }
},
{
  "model": "auth.permission",
  "fields": {
    "name": "Can change organization",
    "content_type": [
      "organizations",
      "organization"
    ],
    "codename": "change_organization"
  }
},
{
  "model": "auth.permission",
  "fields": {
    "name": "Can delete organization",
    "content_type": [
      "organizations",
      "organization"
    ],
    "codename": "delete_organization"
  }
},
{
  "model": "auth.permission",
  "fields": {
    "name": "Can view organization",
    "content_type": [
      "organizations",
      "organization"
    ],
    "codename": "view_organization"
  }
},
{
  "model": "auth.permission",
  "fields": {
    "name": "Can add image",
    "content_type": [
      "projects",
      "image"
    ],
    "codename": "add_image"
  }
},
{
  "model": "auth.permission",
  "fields": {
    "name": "Can change image",
    "content_type": [
      "projects",
      "image"
    ],
    "codename": "change_image"
  }
},
{
  "model": "auth.permission",
  "fields": {
    "name": "Can delete image",
    "content_type": [
      "projects",
      "image"
    ],
    "codename": "delete_image"
  }
},
{
  "model": "auth.permission",
  "fields": {
    "name": "Can view image",
    "content_type": [
      "projects",
      "image"
    ],
    "codename": "view_image"
  }
},
{
  "model": "auth.permission",
  "fields": {
    "name": "Can add project",
    "content_type": [
      "projects",
      "project"
    ],
    "codename": "add_project"
  }
},
{
  "model": "auth.permission",
  "fields": {
    "name": "Can change project",
    "content_type": [
      "projects",
      "project"
    ],
    "codename": "change_project"
  }
},
{
  "model": "auth.permission",
  "fields": {
    "name": "Can delete project",
    "content_type": [
      "projects",
      "project"
    ],
    "codename": "delete_project"
  }
},
{
  "model": "auth.permission",
  "fields": {
    "name": "Can view project",
    "content_type": [
      "projects",
      "project"
    ],
    "codename": "view_project"
  }
},
{
  "model": "auth.permission",
  "fields": {
    "name": "Can add comment",
    "content_type": [
      "forum",
      "comment"
    ],
    "codename": "add_comment"
  }
},
{
  "model": "auth.permission",
  "fields": {
    "name": "Can change comment",
    "content_type": [
      "forum",
      "comment"
    ],
    "codename": "change_comment"
  }
},
{
  "model": "auth.permission",
  "fields": {
    "name": "Can delete comment",
    "content_type": [
      "forum",
      "comment"
    ],
    "codename": "delete_comment"
  }
},
{
  "model": "auth.permission",
  "fields": {
    "name": "Can view comment",
    "content_type": [
      "forum",
      "comment"
    ],
    "codename": "view_comment"
  }
},
{
  "model": "auth.permission",
  "fields": {
    "name": "Can add forum",
    "content_type": [
      "forum",
      "forum"
    ],
    "codename": "add_forum"
  }
},
{
  "model": "auth.permission",
  "fields": {
    "name": "Can change forum",
    "content_type": [
      "forum",
      "forum"
    ],
    "codename": "change_forum"
  }
},
{
  "model": "auth.permission",
  "fields": {
    "name": "Can delete forum",
    "content_type": [
      "forum",
      "forum"
    ],
    "codename": "delete_forum"
  }
},
{
  "model": "auth.permission",
  "fields": {
    "name": "Can view forum",
    "content_type": [
      "forum",
      "forum"
    ],
    "codename": "view_forum"
  }
},
{
  "model": "auth.permission",
  "fields": {
    "name": "Can add post",
    "content_type": [
      "forum",
      "post"
    ],
    "codename": "add_post"
  }
},
{
  "model": "auth.permission",
  "fields": {
    "name": "Can change post",
    "content_type": [
      "forum",
      "post"
    ],
    "codename": "change_post"
  }
},
{
  "model": "auth.permission",
  "fields": {
    "name": "Can delete post",
    "content_type": [
      "forum",
      "post"
    ],
    "codename": "delete_post"
  }
},
{
  "model": "auth.permission",
  "fields": {
    "name": "Can view post",
    "content_type": [
      "forum",
      "post"
    ],
    "codename": "view_post"
  }
},
{
  "model": "auth.permission",
  "fields": {
    "name": "Can add recognition",
    "content_type": [
      "recognitions",
      "recognition"
    ],
    "codename": "add_recognition"
  }
},
{
  "model": "auth.permission",
  "fields": {
    "name": "Can change recognition",
    "content_type": [
      "recognitions",
      "recognition"
    ],
    "codename": "change_recognition"
  }
},
{
  "model": "auth.permission",
  "fields": {
    "name": "Can delete recognition",
    "content_type": [
      "recognitions",
      "recognition"
    ],
    "codename": "delete_recognition"
  }
},
{
  "model": "auth.permission",
  "fields": {
    "name": "Can view recognition",
    "content_type": [
      "recognitions",
      "recognition"
    ],
    "codename": "view_recognition"
  }
},
{
  "model": "auth.permission",
  "fields": {
    "name": "Can add resource",
    "content_type": [
      "resources",
      "resource"
    ],
    "codename": "add_resource"
  }
},
{
  "model": "auth.permission",
  "fields": {
    "name": "Can change resource",
    "content_type": [
      "resources",
      "resource"
    ],
    "codename": "change_resource"
  }
},
{
  "model": "auth.permission",
  "fields": {
    "name": "Can delete resource",
    "content_type": [
      "resources",
      "resource"
    ],
    "codename": "delete_resource"
  }
},
{
  "model": "auth.permission",
  "fields": {
    "name": "Can view resource",
    "content_type": [
      "resources",
      "resource"
    ],
    "codename": "view_resource"
  }
},
{
  "model": "auth.permission",
  "fields": {
    "name": "Can add diagnostic",
    "content_type": [
      "diagnostics",
      "diagnostic"
    ],
    "codename": "add_diagnostic"
  }
},
{
  "model": "auth.permission",
  "fields": {
    "name": "Can change diagnostic",
    "content_type": [
      "diagnostics",
      "diagnostic"
    ],
    "codename": "change_diagnostic"
  }
},
{
  "model": "auth.permission",
  "fields": {
    "name": "Can delete diagnostic",
    "content_type": [
      "diagnostics",
      "diagnostic"
    ],
    "codename": "delete_diagnostic"
  }
},
{
  "model": "auth.permission",
  "fields": {
    "name": "Can view diagnostic",
    "content_type": [
      "diagnostics",
      "diagnostic"
    ],
    "codename": "view_diagnostic"
  }
},
{
  "model": "auth.permission",
  "fields": {
    "name": "Can add question",
    "content_type": [
      "diagnostics",
      "question"
    ],
    "codename": "add_question"
  }
},
{
  "model": "auth.permission",
  "fields": {
    "name": "Can change question",
    "content_type": [
      "diagnostics",
      "question"
    ],
    "codename": "change_question"
  }
},
{
  "model": "auth.permission",
  "fields": {
    "name": "Can delete question",
    "content_type": [
      "diagnostics",
      "question"
    ],
    "codename": "delete_question"
  }
},
{
  "model": "auth.permission",
  "fields": {
    "name": "Can view question",
    "content_type": [
      "diagnostics",
      "question"
    ],
    "codename": "view_question"
  }
},
{
  "model": "auth.permission",
  "fields": {
    "name": "Can add diagnostic result",
    "content_type": [
      "diagnostics",
      "diagnosticresult"
    ],
    "codename": "add_diagnosticresult"
  }
},
{
  "model": "auth.permission",
  "fields": {
    "name": "Can change diagnostic result",
    "content_type": [
      "diagnostics",
      "diagnosticresult"
    ],
    "codename": "change_diagnosticresult"
  }
},
{
  "model": "auth.permission",
  "fields": {
    "name": "Can delete diagnostic result",
    "content_type": [
      "diagnostics",
      "diagnosticresult"
    ],
    "codename": "delete_diagnosticresult"
  }
},
{
  "model": "auth.permission",
  "fields": {
    "name": "Can view diagnostic result",
    "content_type": [
      "diagnostics",
      "diagnosticresult"
    ],
    "codename": "view_diagnosticresult"
  }
},
{
  "model": "users.user",
  "fields": {
    "password": "pbkdf2_sha256$260000$BRItjOjcrMVY87XsUZXjF1$LSwV4Ry3HgMwo1twobTMZKsr8n6CWNeASK99N2irl20=",
    "last_login": "2024-11-26T18:48:39.112Z",
    "is_superuser": true,
    "username": "osc_user",
    "first_name": "",
    "last_name": "",
    "email": "oscadmin@gmail.com",
    "is_staff": true,
    "is_active": true,
    "date_joined": "2024-11-26T18:23:03.275Z",
    "is_admin": false,
    "groups": [],
    "user_permissions": []
  }
},
{
  "model": "admin.logentry",
  "pk": 1,
  "fields": {
    "action_time": "2024-11-26T18:51:04.936Z",
    "user": [
      "osc_user"
    ],
    "content_type": [
      "organizations",
      "organization"
    ],
    "object_id": "2",
    "object_repr": "Fundacion Semilla Durango",
    "action_flag": 2,
    "change_message": "[{\"changed\": {\"fields\": [\"Website\", \"Social media 2\"]}}]"
  }
},
{
  "model": "admin.logentry",
  "pk": 2,
  "fields": {
    "action_time": "2024-11-26T18:52:40.742Z",
    "user": [
      "osc_user"
    ],
    "content_type": [
      "organizations",
      "organization"
    ],
    "object_id": "9",
    "object_repr": "Instituto Pedagógico para Problemas de Lenguaje, IAP (IPPPLIAP)",
    "action_flag": 2,
    "change_message": "[{\"changed\": {\"fields\": [\"Description\"]}}]"
  }
},
{
  "model": "admin.logentry",
  "pk": 3,
  "fields": {
    "action_time": "2024-11-26T19:01:19.188Z",
    "user": [
      "osc_user"
    ],
    "content_type": [
      "organizations",
      "organization"
    ],
    "object_id": "3",
    "object_repr": "Asilo Primavera, I.A.P.",
    "action_flag": 2,
    "change_message": "[{\"changed\": {\"fields\": [\"Logo\"]}}]"
  }
},
{
  "model": "admin.logentry",
  "pk": 4,
  "fields": {
    "action_time": "2024-11-26T19:02:00.493Z",
    "user": [
      "osc_user"
    ],
    "content_type": [
      "organizations",
      "organization"
    ],
    "object_id": "8",
    "object_repr": "Asociación de Damas Voluntarias del Instituto Nacional de Pediatría, I.A.P.",
    "action_flag": 2,
    "change_message": "[{\"changed\": {\"fields\": [\"Logo\"]}}]"
  }
},
{
  "model": "admin.logentry",
  "pk": 5,
  "fields": {
    "action_time": "2024-11-26T19:02:44.626Z",
    "user": [
      "osc_user"
    ],
    "content_type": [
      "organizations",
      "organization"
    ],
    "object_id": "4",
    "object_repr": "Casa Hogar de las Niñas de Tláhuac, IAP",
    "action_flag": 2,
    "change_message": "[{\"changed\": {\"fields\": [\"Website\"]}}]"
  }
},
{
  "model": "admin.logentry",
  "pk": 6,
  "fields": {
    "action_time": "2024-11-26T19:03:26.507Z",
    "user": [
      "osc_user"
    ],
    "content_type": [
      "organizations",
      "organization"
    ],
    "object_id": "4",
    "object_repr": "Casa Hogar de las Niñas de Tláhuac, IAP",
    "action_flag": 2,
    "change_message": "[{\"changed\": {\"fields\": [\"Logo\"]}}]"
  }
},
{
  "model": "admin.logentry",
  "pk": 7,
  "fields": {
    "action_time": "2024-11-26T19:04:04.967Z",
    "user": [
      "osc_user"
    ],
    "content_type": [
      "organizations",
      "organization"
    ],
    "object_id": "5",
    "object_repr": "Centro de Atención Integral de Labio y Paladar Hendido, A.C.",
    "action_flag": 2,
    "change_message": "[{\"changed\": {\"fields\": [\"Logo\"]}}]"
  }
},
{
  "model": "admin.logentry",
  "pk": 8,
  "fields": {
    "action_time": "2024-11-26T19:05:30.577Z",
    "user": [
      "osc_user"
    ],
    "content_type": [
      "organizations",
      "organization"
    ],
    "object_id": "6",
    "object_repr": "Damas Voluntarias del Instituto Nacional de Perinatología",
    "action_flag": 2,
    "change_message": "[{\"changed\": {\"fields\": [\"Logo\"]}}]"
  }
},
{
  "model": "admin.logentry",
  "pk": 9,
  "fields": {
    "action_time": "2024-11-26T19:06:01.049Z",
    "user": [
      "osc_user"
    ],
    "content_type": [
      "organizations",
      "organization"
    ],
    "object_id": "7",
    "object_repr": "Escuela para Entrenamiento de Perros Guía Para Ciegos I.A.P.",
    "action_flag": 2,
    "change_message": "[{\"changed\": {\"fields\": [\"Logo\"]}}]"
  }
},
{
  "model": "admin.logentry",
  "pk": 10,
  "fields": {
    "action_time": "2024-11-26T19:07:04.963Z",
    "user": [
      "osc_user"
    ],
    "content_type": [
      "organizations",
      "organization"
    ],
    "object_id": "1",
    "object_repr": "Estancia Infantil Vasco de Quiroga I.A.P",
    "action_flag": 2,
    "change_message": "[{\"changed\": {\"fields\": [\"Email\"]}}]"
  }
},
{
  "model": "admin.logentry",
  "pk": 11,
  "fields": {
    "action_time": "2024-11-26T19:07:16.855Z",
    "user": [
      "osc_user"
    ],
    "content_type": [
      "organizations",
      "organization"
    ],
    "object_id": "1",
    "object_repr": "Estancia Infantil Vasco de Quiroga I.A.P",
    "action_flag": 2,
    "change_message": "[{\"changed\": {\"fields\": [\"Logo\"]}}]"
  }
},
{
  "model": "admin.logentry",
  "pk": 12,
  "fields": {
    "action_time": "2024-11-26T19:07:47.692Z",
    "user": [
      "osc_user"
    ],
    "content_type": [
      "organizations",
      "organization"
    ],
    "object_id": "2",
    "object_repr": "Fundacion Semilla Durango",
    "action_flag": 2,
    "change_message": "[{\"changed\": {\"fields\": [\"Logo\"]}}]"
  }
},
{
  "model": "admin.logentry",
  "pk": 13,
  "fields": {
    "action_time": "2024-11-26T19:08:47.293Z",
    "user": [
      "osc_user"
    ],
    "content_type": [
      "organizations",
      "organization"
    ],
    "object_id": "9",
    "object_repr": "Instituto Pedagógico para Problemas de Lenguaje, IAP (IPPPLIAP)",
    "action_flag": 2,
    "change_message": "[{\"changed\": {\"fields\": [\"Logo\"]}}]"
  }
}
]
